{"ctxid":1,"pos":[-850.235962,847.403748,182.412964],"rotationMatrix":[-0.209349319,0.977840602,0,-0.977840602,-0.209349319,0,0,0,0.999999642],"scale":1,"type":"Aloha_transit_sign_pole_&_Sign"}
{"ctxid":1,"pos":[-850.235962,847.403748,182.412964],"rotationMatrix":[-0.209349319,0.977840602,0,-0.977840602,-0.209349319,0,0,0,0.999999642],"scale":1,"type":"Aloha_transit_sign_pole_&_Sign"}
