{"ctxid":1,"pos":[-321.600433,-807.425537,185.993881],"rotationMatrix":[-0.0267164763,-0.999642968,0,0.999642968,-0.0267164763,0,0,0,0.999999881],"scale":1,"type":"bussign"}
{"ctxid":1,"pos":[-529.283386,-434.847717,136.725571],"rotationMatrix":[-0.257948905,0.96615845,0,-0.96615845,-0.257948905,0,0,0,0.999999881],"scale":1,"type":"bussign"}
{"ctxid":1,"pos":[-273.217194,-253.893051,132.599792],"rotationMatrix":[-0.999998033,0.0019389696,0,-0.0019389696,-0.999998033,0,0,0,0.999999881],"scale":1,"type":"bussign"}
{"ctxid":1,"pos":[-452.86673,101.584099,134.991058],"rotationMatrix":[-0.993086636,-0.117383391,0,0.117383391,-0.993086636,0,0,0,0.999999881],"scale":1,"type":"bussign"}
{"ctxid":1,"pos":[-51.0887718,353.058655,284.373047],"rotationMatrix":[-0.0333865434,-0.999442458,0,0.999442458,-0.0333865434,0,0,0,0.999999881],"scale":1,"type":"bussign"}
