{"ctxid":1,"pos":[-323.787842,-806.930664,185.840088],"rotationMatrix":[-0.0272042006,-0.999629676,0,0.999629676,-0.0272042006,0,0,0,0.999999762],"scale":1,"type":"busstop_jri"}
{"ctxid":1,"pos":[-526.091064,-433.619537,136.811417],"rotationMatrix":[-0.375804007,0.926699162,0,-0.926699162,-0.375804007,0,0,0,0.999999881],"scale":1,"type":"busstop_jri"}
{"ctxid":1,"pos":[-272.977478,-251.169083,132.617996],"rotationMatrix":[-0.996962249,0.0778850093,0,-0.0778850093,-0.996962249,0,0,0,0.999999881],"scale":1,"type":"busstop_jri"}
{"ctxid":1,"pos":[-453.821442,104.853539,135.016342],"rotationMatrix":[-0.994023919,-0.109159507,0,0.109159507,-0.994023919,0,0,0,0.999999642],"scale":1,"type":"busstop_jri"}
