{"ctxid":1,"pos":[375.004639,-224.794128,160.634995],"rotationMatrix":[1,0,0,0,1,0,0,0,1],"scale":1,"type":"clutter_workshop_green_can"}
