{"ctxid":1,"pos":[375.545898,-225.517624,160.618744],"rotationMatrix":[0.670716763,-0.741713345,0,0.741713345,0.670716763,0,0,0,0.999999881],"scale":1,"type":"clutter_workshop_toolbox1"}
