{"ctxid":1,"pos":[-808.097412,-814.496887,158.593124],"rotationMatrix":[0.705834687,0.708376348,0,-0.708376348,0.705834687,0,0,0,0.999999762],"scale":1,"type":"container_01_a"}
