{"ctxid":1,"pos":[-807.414978,-782.524597,158.593124],"rotationMatrix":[0.520846486,0.853650093,0,-0.853650093,0.520846486,0,0,0,0.999999762],"scale":1,"type":"container_01_b"}
