{"ctxid":1,"pos":[719.306152,359.091095,132.009888],"rotationMatrix":[0.087247178,0.996186376,0,-0.996186376,0.087247178,0,0,0,0.999999642],"scale":1,"type":"eca_gastation_pumps"}
