{"ctxid":1,"pos":[740.398132,348.843262,132.009888],"rotationMatrix":[-0.0738236979,-0.997268736,0.00213890919,0.997271001,-0.073823534,0.000158334282,0,0.00214476185,0.999997377],"scale":1,"type":"eca_gastation_store"}
