{"ctxid":1,"pos":[719.402527,345.542236,132.009903],"rotationMatrix":[1,0,0,0,1,0,0,0,1],"scale":1,"type":"eca_gastation_pricedisplay"}
{"ctxid":1,"pos":[740.369202,346.126862,125.611763],"rotationMatrix":[0.114328705,0.993442833,0,-0.993442833,0.114328705,0,0,0,0.999999762],"scale":2.14014316,"type":"eca_gastation_pricedisplay"}
