{"ctxid":1,"pos":[-906.199097,6.60238647,127.34343],"rotationMatrix":[-0.970448792,0.241306901,0,-0.241306901,-0.970448792,0,0,0,0.999999881],"scale":1,"type":"eca_bld_fv_house_d"}
