{"ctxid":1,"pos":[-304.929413,-733.291199,181.417068],"rotationMatrix":[0.88872242,0.45844546,0,-0.45844546,0.88872242,0,0,0,0.999999881],"scale":1,"type":"featherflag_beamng"}
{"ctxid":1,"pos":[-297.364624,-732.768555,181.317322],"rotationMatrix":[-0.890123248,0.45571959,0,-0.45571959,-0.890123248,0,0,0,0.999999762],"scale":1,"type":"featherflag_beamng"}
{"ctxid":1,"pos":[-42.6299667,706.635559,144.968933],"rotationMatrix":[0.320212901,-0.947345376,0,0.947345376,0.320212901,0,0,0,0.999999762],"scale":1,"type":"featherflag_beamng"}
{"ctxid":1,"pos":[-40.6767578,702.467285,145.117493],"rotationMatrix":[-0.631362438,0.7754879,0,-0.7754879,-0.631362438,0,0,0,0.999999881],"scale":1,"type":"featherflag_beamng"}
{"ctxid":1,"pos":[50.5222435,159.210922,253.688141],"rotationMatrix":[-0.958233714,0.285985351,0,-0.285985351,-0.958233714,0,0,0,0.999999762],"scale":1,"type":"featherflag_beamng"}
{"ctxid":1,"pos":[45.4623528,162.048691,254.159393],"rotationMatrix":[0.721659303,-0.692248285,0,0.692248285,0.721659303,0,0,0,0.999999881],"scale":1,"type":"featherflag_beamng"}
{"ctxid":1,"pos":[-83.229126,-844.724304,125.898315],"rotationMatrix":[-0.765368521,0.643592119,0,-0.643592119,-0.765368521,0,0,0,0.999999881],"scale":1,"type":"featherflag_beamng"}
{"ctxid":1,"pos":[-93.0356369,-838.340393,126.49305],"rotationMatrix":[0.88664186,-0.462456524,0,0.462456524,0.88664186,0,0,0,0.999999881],"scale":1,"type":"featherflag_beamng"}
{"ctxid":1,"pos":[-55.2022362,442.943665,242.961487],"rotationMatrix":[-0.0163286477,0.999866605,0,-0.999866605,-0.0163286477,0,0,0,0.999999881],"scale":1,"type":"featherflag_beamng"}
{"ctxid":1,"pos":[-55.566967,451.620087,242.765503],"rotationMatrix":[-0.0325463712,-0.998373866,-0.0467973202,0.999435008,-0.0329015702,0.00684011681,-0.00836870261,-0.0465482734,0.998880506],"scale":1,"type":"featherflag_beamng"}
{"ctxid":1,"pos":[-490.300812,851.14624,124.648315],"rotationMatrix":[-0.348471075,0.937319458,0,-0.937319458,-0.348471075,0,0,0,0.999999881],"scale":1,"type":"featherflag_beamng"}
{"ctxid":1,"pos":[-495.405365,862.440247,124.139999],"rotationMatrix":[0.436099291,-0.899898469,0,0.899898469,0.436099291,0,0,0,0.999999881],"scale":1,"type":"featherflag_beamng"}
{"ctxid":1,"pos":[685.629333,113.825226,126.013496],"rotationMatrix":[-0.704829574,0.709376454,0,-0.709376454,-0.704829574,0,0,0,0.999999881],"scale":1,"type":"featherflag_beamng"}
{"ctxid":1,"pos":[680.786011,118.536636,126.176392],"rotationMatrix":[0.645792484,-0.76351285,0,0.76351285,0.645792484,0,0,0,0.999999881],"scale":1,"type":"featherflag_beamng"}
{"ctxid":1,"pos":[769.026367,919.537964,157.5271],"rotationMatrix":[0.94063592,0.339416504,0,-0.339416504,0.94063592,0,0,0,0.999999762],"scale":1,"type":"featherflag_beamng"}
{"ctxid":1,"pos":[773.380188,920.916443,157.437851],"rotationMatrix":[-0.954456866,-0.298348248,0,0.298348248,-0.954456866,0,0,0,0.999999642],"scale":1,"type":"featherflag_beamng"}
{"ctxid":1,"pos":[221.382965,-180.072327,144.768097],"rotationMatrix":[-0.925981641,-0.377568275,0,0.377568275,-0.925981641,0,0,0,0.999999881],"scale":1,"type":"featherflag_beamng"}
{"ctxid":1,"pos":[216.357452,-184.554794,144.633957],"rotationMatrix":[0.799351513,0.600863516,0,-0.600863516,0.799351513,0,0,0,0.999999881],"scale":1,"type":"featherflag_beamng"}
{"ctxid":1,"pos":[340.825623,-105.834732,159.139236],"rotationMatrix":[-0.257188886,0.966361046,0,-0.966361046,-0.257188886,0,0,0,0.999999881],"scale":1,"type":"featherflag_beamng"}
{"ctxid":1,"pos":[338.45639,-101.654938,159.008011],"rotationMatrix":[0.300460726,-0.953794122,0,0.953794122,0.300460726,0,0,0,0.999999881],"scale":1,"type":"featherflag_beamng"}
