{"ctxid":1,"pos":[-765.508606,379.059784,126.310722],"rotationMatrix":[1,0,0,0,1,0,0,0,1],"scale":1,"type":"ferry1"}
