{"ctxid":1,"pos":[366.914093,-206.482132,160.97493],"rotationMatrix":[-0.613332748,0.789824605,0,-0.789824605,-0.613332748,0,0,0,0.999999881],"scale":1,"type":"gaspump"}
