{"ctxid":1,"pos":[-810.996399,-793.777954,158.593124],"rotationMatrix":[0.77203542,0.635579288,0,-0.635579288,0.77203542,0,0,0,0.999999881],"scale":1.89493001,"type":"ind_bld_01_floor"}
