{"ctxid":0,"pos":[781.963623,897.45343,153.872025],"rotationMatrix":[0.944283009,0.328519225,0.0201159399,-0.0201960653,-0.00316851214,0.999790967,0.328514367,-0.944491923,0.00364282308],"scale":0.955523431,"type":"monstera01_wall_paint"}
{"ctxid":0,"pos":[779.93457,896.696777,150.605316],"rotationMatrix":[0.943921506,0.328694731,0.0311727859,-0.0307085197,-0.00660476414,0.999506533,0.328738511,-0.944413066,0.00385935791],"scale":0.864027143,"type":"monstera01_wall_paint"}
{"ctxid":0,"pos":[781.650452,897.286499,148.763962],"rotationMatrix":[0.943921506,0.328694731,0.0311727859,-0.0307085495,-0.00660470221,0.999506533,0.32873854,-0.944413066,0.00385942403],"scale":0.901333332,"type":"monstera01_wall_paint"}
{"ctxid":0,"pos":[800.910156,929.293457,155.869736],"rotationMatrix":[0.191914409,0.980771065,-0.0354504585,0.0304936804,-0.042063605,-0.998649478,-0.980937779,0.190574214,-0.0379799381],"scale":0.940386295,"type":"monstera01_wall_paint"}
{"ctxid":0,"pos":[801.362,930.455627,150.027008],"rotationMatrix":[-0.189420357,-0.981374502,-0.0319931395,-0.0433696099,-0.0241890922,0.998766124,-0.980937779,0.190574214,-0.0379799381],"scale":0.921545506,"type":"monstera01_wall_paint"}
{"ctxid":0,"pos":[800.765503,929.15625,151.69072],"rotationMatrix":[-0.283446491,-0.955530643,-0.0813573822,-0.0179071091,-0.0795482099,0.996670187,-0.958820879,0.283959657,0.00543687493],"scale":0.892891467,"type":"monstera01_wall_paint"}
{"ctxid":0,"pos":[800.884705,929.510193,154.234512],"rotationMatrix":[-0.283446491,-0.955530643,-0.0813573822,-0.0179071091,-0.0795482099,0.996670187,-0.958820879,0.283959657,0.00543687493],"scale":0.758028448,"type":"monstera01_wall_paint"}
{"ctxid":0,"pos":[800.988647,931.520569,151.057526],"rotationMatrix":[-0.195571035,-0.980679333,-0.00442839414,0.0874120668,-0.0219293125,0.995930791,-0.976786077,0.194388151,0.0900119692],"scale":0.998557448,"type":"monstera01_wall_paint"}
{"ctxid":0,"pos":[816.340881,938.65509,157.872467],"rotationMatrix":[0.950604022,0.296111405,0.0931125656,-0.101352558,0.0125644151,0.994771302,0.293393284,-0.955070674,0.0419554412],"scale":0.770398855,"type":"monstera01_wall_paint"}
{"ctxid":0,"pos":[791.711365,904.584045,150.839386],"rotationMatrix":[0.95528841,0.293228865,0.0379594713,-0.0670305938,0.0897350758,0.993707418,0.287977457,-0.951821625,0.105378188],"scale":0.799565911,"type":"monstera01_wall_paint"}
{"ctxid":0,"pos":[-636.737,404.770081,130.304108],"rotationMatrix":[-3.25550559e-07,0.999999583,0.000892071344,3.26131897e-07,-0.000892071344,0.999999583,1,3.2584137e-07,-3.2584137e-07],"scale":0.803648233,"type":"monstera01_wall_paint"}
{"ctxid":0,"pos":[-636.737,406.270264,129.837982],"rotationMatrix":[-3.2584137e-07,1,0,3.2584137e-07,1.06172598e-13,1,1,3.2584137e-07,-3.2584137e-07],"scale":0.944482267,"type":"monstera01_wall_paint"}
{"ctxid":0,"pos":[-636.737,406.785034,130.191589],"rotationMatrix":[-3.2584137e-07,1,0,3.2584137e-07,1.06172598e-13,1,1,3.2584137e-07,-3.2584137e-07],"scale":0.799279571,"type":"monstera01_wall_paint"}
{"ctxid":0,"pos":[70.1753235,554.996399,157.982132],"rotationMatrix":[-0.699116349,-0.714733481,0.0197955035,0.0371528715,-0.00866495818,0.999271512,-0.714041829,0.699342966,0.0326121598],"scale":0.810765743,"type":"monstera01_wall_paint"}
{"ctxid":0,"pos":[71.4600449,555.801147,157.916855],"rotationMatrix":[-0.699655414,-0.714475811,0.00246862322,0.0250270311,-0.0210546516,0.999464571,-0.714041829,0.699342966,0.0326121598],"scale":0.759289682,"type":"monstera01_wall_paint"}
{"ctxid":0,"pos":[69.6348572,554.322449,158.037964],"rotationMatrix":[-0.699452996,-0.714611053,0.00979948044,0.0301582254,-0.0158135183,0.99941957,-0.714041829,0.699342966,0.0326121598],"scale":0.801654398,"type":"monstera01_wall_paint"}
{"ctxid":1,"pos":[-787.906372,-786.434387,159.82901],"rotationMatrix":[0.99999994,0,0,0,0.99999994,0,0,0,0.999999881],"scale":0.907737792,"type":"monstera01_wall_paint"}
{"ctxid":1,"pos":[-788.421875,-790.71405,163.741684],"rotationMatrix":[0.99999994,0,0,0,0.99999994,0,0,0,0.999999881],"scale":0.922367811,"type":"monstera01_wall_paint"}
{"ctxid":1,"pos":[-782.789612,-793.127319,170.821228],"rotationMatrix":[0.99999994,0,0,0,0.99999994,0,0,0,0.999999881],"scale":0.726875424,"type":"monstera01_wall_paint"}
{"ctxid":1,"pos":[-784.53302,-793.134216,169.78479],"rotationMatrix":[0.99999994,0,0,0,0.99999994,0,0,0,0.999999881],"scale":0.786421835,"type":"monstera01_wall_paint"}
{"ctxid":1,"pos":[-787.655701,-792.637878,177.070663],"rotationMatrix":[0.99999994,0,0,0,0.99999994,0,0,0,0.999999881],"scale":0.720174253,"type":"monstera01_wall_paint"}
{"ctxid":1,"pos":[-790.01062,-791.31665,178.485123],"rotationMatrix":[0.99999994,0,0,0,0.99999994,0,0,0,0.999999881],"scale":0.785998285,"type":"monstera01_wall_paint"}
{"ctxid":1,"pos":[-790.049683,-790.290894,178.786667],"rotationMatrix":[0.99999994,0,0,0,0.99999994,0,0,0,0.999999881],"scale":0.899856389,"type":"monstera01_wall_paint"}
{"ctxid":1,"pos":[-785.897766,-791.86499,178.767975],"rotationMatrix":[0.99999994,0,0,0,0.99999994,0,0,0,0.999999881],"scale":0.77455163,"type":"monstera01_wall_paint"}
{"ctxid":1,"pos":[-782.327759,-795.09375,181.648254],"rotationMatrix":[0.99999994,0,0,0,0.99999994,0,0,0,0.999999881],"scale":0.719113708,"type":"monstera01_wall_paint"}
{"ctxid":1,"pos":[-782.81073,-798.630493,182.177734],"rotationMatrix":[0.99999994,0,0,0,0.99999994,0,0,0,0.999999881],"scale":0.918976426,"type":"monstera01_wall_paint"}
{"ctxid":1,"pos":[-799.445557,-778.802002,182.96521],"rotationMatrix":[0.99999994,0,0,0,0.99999994,0,0,0,0.999999881],"scale":0.795413375,"type":"monstera01_wall_paint"}
{"ctxid":1,"pos":[-805.58606,-771.473145,183.764709],"rotationMatrix":[0.99999994,0,0,0,0.99999994,0,0,0,0.999999881],"scale":0.916534424,"type":"monstera01_wall_paint"}
{"ctxid":1,"pos":[-804.932983,-770.955933,183.020081],"rotationMatrix":[0.99999994,0,0,0,0.99999994,0,0,0,0.999999881],"scale":0.968044221,"type":"monstera01_wall_paint"}
{"ctxid":1,"pos":[-805.325806,-772.081482,183.892258],"rotationMatrix":[0.99999994,0,0,0,0.99999994,0,0,0,0.999999881],"scale":0.915783465,"type":"monstera01_wall_paint"}
{"ctxid":1,"pos":[-802.936035,-773.107544,182.781464],"rotationMatrix":[0.99999994,0,0,0,0.99999994,0,0,0,0.999999881],"scale":0.757240057,"type":"monstera01_wall_paint"}
{"ctxid":1,"pos":[-803.003235,-771.737427,171.687927],"rotationMatrix":[0.99999994,0,0,0,0.99999994,0,0,0,0.999999881],"scale":0.763331175,"type":"monstera01_wall_paint"}
{"ctxid":1,"pos":[-800.813416,-773.305847,174.025391],"rotationMatrix":[0.99999994,0,0,0,0.99999994,0,0,0,0.999999881],"scale":0.890242159,"type":"monstera01_wall_paint"}
{"ctxid":1,"pos":[-803.235291,-771.565308,167.412994],"rotationMatrix":[0.99999994,0,0,0,0.99999994,0,0,0,0.999999881],"scale":0.888876677,"type":"monstera01_wall_paint"}
{"ctxid":1,"pos":[-802.264404,-764.748413,173.611115],"rotationMatrix":[0.99999994,0,0,0,0.99999994,0,0,0,0.999999881],"scale":0.896456003,"type":"monstera01_wall_paint"}
{"ctxid":1,"pos":[-803.083374,-767.168213,177.832642],"rotationMatrix":[0.99999994,0,0,0,0.99999994,0,0,0,0.999999881],"scale":0.835500896,"type":"monstera01_wall_paint"}
{"ctxid":1,"pos":[-802.621521,-767.731323,177.120789],"rotationMatrix":[0.99999994,0,0,0,0.99999994,0,0,0,0.999999881],"scale":0.790701151,"type":"monstera01_wall_paint"}
{"ctxid":1,"pos":[-803.514343,-765.066833,176.092804],"rotationMatrix":[0.99999994,0,0,0,0.99999994,0,0,0,0.999999881],"scale":0.971181452,"type":"monstera01_wall_paint"}
{"ctxid":1,"pos":[-789.697388,-786.851562,171.288437],"rotationMatrix":[0.99999994,0,0,0,0.99999994,0,0,0,0.999999881],"scale":0.823067963,"type":"monstera01_wall_paint"}
{"ctxid":1,"pos":[-769.26886,-805.994812,157.300232],"rotationMatrix":[0.99999994,0,0,0,0.99999994,0,0,0,0.999999881],"scale":0.705060899,"type":"monstera01_wall_paint"}
{"ctxid":1,"pos":[-770.060364,-808.815979,159.006775],"rotationMatrix":[0.99999994,0,0,0,0.99999994,0,0,0,0.999999881],"scale":0.872754574,