{"ctxid":0,"pos":[771.304504,919.257629,153.217819],"rotationMatrix":[0.100035451,0.994983852,0,-0.994983852,0.100035451,0,0,0,1],"scale":1.1053133,"type":"pac_rock_large_1"}
{"ctxid":0,"pos":[792.66333,958.173462,152.897659],"rotationMatrix":[-0.305482894,0.951874733,0.0247963462,-0.946774542,-0.306415409,0.0986282453,0.101479702,0.00665269233,0.99481535],"scale":1.18346095,"type":"pac_rock_large_1"}
{"ctxid":0,"pos":[768.413574,915.69989,150.013779],"rotationMatrix":[0.621390104,-0.783501267,0,0.783501267,0.621390104,0,0,0,1],"scale":1.16432357,"type":"pac_rock_large_1"}
{"ctxid":0,"pos":[-104.594872,-437.955109,127.544846],"rotationMatrix":[-0.616027236,-0.787724912,0,0.0914749578,-0.0715364739,0.993234575,-0.782395601,0.61185956,0.116125509],"scale":1.22318101,"type":"pac_rock_large_1"}
{"ctxid":0,"pos":[-131.617188,-440.450958,127.994278],"rotationMatrix":[-0.0969943777,-0.978096426,-0.184172586,0.995118976,-0.0986824483,0,-0.0181746017,-0.183273628,0.982893944],"scale":0.916856945,"type":"pac_rock_large_1"}
{"ctxid":0,"pos":[-129.083725,-453.158722,129.128815],"rotationMatrix":[-0.248439953,0.964701056,0.0873475596,-0.946194887,-0.222389922,-0.235070258,-0.207347319,-0.141048655,0.968045652],"scale":0.869064867,"type":"pac_rock_large_1"}
{"ctxid":0,"pos":[-117.827408,-428.941925,128.077362],"rotationMatrix":[0.245773479,-0.529738069,0.811771512,0.907124281,0.420862883,0,-0.341644496,0.736377656,0.583975196],"scale":1.14574492,"type":"pac_rock_large_1"}
{"ctxid":0,"pos":[-148.839203,-423.925415,129.183258],"rotationMatrix":[-0.742660463,0.482489586,-0.464391321,-0.669254303,-0.559126377,0.489363253,-0.0235407799,0.674226582,0.738149285],"scale":0.952697933,"type":"pac_rock_large_1"}
{"ctxid":0,"pos":[-153.821182,-443.683746,131.171371],"rotationMatrix":[-0.997379541,0.0317451954,-0.0650089309,-0.0191002786,-0.982248008,-0.186611757,-0.0697789192,-0.184881061,0.980280519],"scale":0.940590441,"type":"pac_rock_large_1"}
{"ctxid":0,"pos":[-150.912094,-444.759308,130.245407],"rotationMatrix":[0.934704781,0.35542509,0,-0.35542509,0.934704781,0,0,0,1],"scale":0.91537869,"type":"pac_rock_large_1"}
{"ctxid":0,"pos":[790.767944,957.663696,153.747864],"rotationMatrix":[-0.811389983,-0.479090959,-0.334840328,0.502910435,-0.86415565,0.0177777186,-0.297871292,-0.153970018,0.94210726],"scale":0.827757418,"type":"pac_rock_large_1"}
{"ctxid":0,"pos":[788.787964,956.046509,153.360138],"rotationMatrix":[0.430700332,0.182701468,-0.883808374,0.357102275,-0.933871567,-0.019026354,-0.82883954,-0.307415277,-0.467461884],"scale":0.800614536,"type":"pac_rock_large_1"}
{"ctxid":0,"pos":[789.213562,956.988586,153.122574],"rotationMatrix":[-0.348312587,0.937378347,0,-0.936209083,-0.347878098,-0.0499321632,-0.0468053296,-0.0173920002,0.998752594],"scale":0.87873131,"type":"pac_rock_large_1"}
{"ctxid":0,"pos":[782.627136,954.241943,152.528381],"rotationMatrix":[-0.955232084,-0.251005918,0.156612515,-0.132042974,-0.112010062,-0.98489517,0.26475668,-0.961482942,0.0738520399],"scale":1.00709403,"type":"pac_rock_large_1"}
{"ctxid":0,"pos":[787.88031,953.534912,150.496887],"rotationMatrix":[0.693135679,0.719444633,0.0442993119,-0.342044204,0.382389218,-0.858361423,-0.634483039,0.579808533,0.511129379],"scale":1.11635756,"type":"pac_rock_large_1"}
{"ctxid":0,"pos":[788.166077,951.192444,151.430161],"rotationMatrix":[-0.85769856,-0.510777295,0.0588189326,-0.316070348,0.433569491,-0.843870282,0.405527711,-0.7423774,-0.533313513],"scale":0.865756571,"type":"pac_rock_large_1"}
{"ctxid":0,"pos":[770.625305,927.910156,152.690125],"rotationMatrix":[0.844833195,-0.525597215,-0.100022517,0.325397164,0.356358141,0.875857174,-0.424704313,-0.772500098,0.472090989],"scale":1.13955343,"type":"pac_rock_large_1"}
{"ctxid":0,"pos":[770.572876,924.283325,152.705399],"rotationMatrix":[-0.949427724,0.248707294,0.191655591,0.254682779,0.252998471,0.933342695,0.18364048,0.934952855,-0.303545117],"scale":1.0060997,"type":"pac_rock_large_1"}
{"ctxid":0,"pos":[614.179382,-726.513428,148.331268],"rotationMatrix":[-0.71108973,0.703101099,0,-0.703101099,-0.71108973,0,0,0,1],"scale":3.4272418,"type":"pac_rock_large_1"}
{"ctxid":0,"pos":[604.706909,-674.023254,127.362122],"rotationMatrix":[0.792749822,-0.425164163,0.436787248,0.607868612,0.604568839,-0.514774024,-0.0452044457,0.673596323,0.73771584],"scale":0.99887979,"type":"pac_rock_large_1"}
{"ctxid":0,"pos":[-12.0650425,216.016312,288.185638],"rotationMatrix":[-0.884269118,0.46697706,-0.000335067511,-0.398521245,-0.755014777,-0.520704567,-0.24341011,-0.460309625,0.853736758],"scale":1.33156693,"type":"pac_rock_large_1"}
{"ctxid":1,"pos":[-83.0333786,-885.574829,125.184486],"rotationMatrix":[1,0,0,0,1,0,0,0,1],"scale":1,"type":"pac_rock_large_1"}
{"ctxid":1,"pos":[-84.5253372,-882.041199,125.116669],"rotationMatrix":[1,0,0,0,1,0,0,0,1],"scale":1,"type":"pac_rock_large_1"}
{"ctxid":1,"pos":[770.625305,930.609253,152.690125],"rotationMatrix":[0.844833195,-0.525597215,-0.100022517,0.325397164,0.356358141,0.875857174,-0.424704313,-0.772500098,0.472090989],"scale":1.13955343,"type":"pac_rock_large_1"}
{"ctxid":1,"pos":[768.787109,930.609253,152.690125],"rotationMatrix":[0.844833195,-0.525597215,-0.100022517,0.325397164,0.356358141,0.875857174,-0.424704313,-0.772500098,0.472090989],"scale":1.13955343,"type":"pac_rock_large_1"}
{"ctxid":1,"pos":[768.787109,930.609253,154.151901],"rotationMatrix":[0.844833195,-0.525597215,-0.100022517,0.325397164,0.356358141,0.875857174,-0.424704313,-0.772500098,0.472090989],"scale":1.13955343,"type":"pac_rock_large_1"}
{"ctxid":1,"pos":[769.390381,929.248718,155.043549],"rotationMatrix":[0.844833195,-0.525597215,-0.100022517,0.325397164,0.356358141,0.875857174,-0.424704313,-0.772500098,0.472090989],"scale":1.13955343,"type":"pac_rock_large_1"}
{"ctxid":1,"pos":[767.84198,929.248718,152.518845],"rotationMatrix":[0.844833195,-0.525597215,-0.100022517,0.325397164,0.356358141,0.875857174,-0.424704313,-0.772500098,0.472090989],"scale":1.13955343,"type":"pac_rock_large_1"}
{"ctxid":1,"pos":[770.100769,926.954712,154.632889],"rotationMatrix":[0.826851249,-0.525597155,0.200161323,0.000338941813,0.356358111,0.934349358,-0.562420607,-0.772500038,0.294833243],"scale":1.13955343,"type":"pac_rock_large_1"}
{"ctxid":1,"pos":[770.30658,924.543579,153.942596],"rotationMatrix":[0.826851249,-0.525597155,0.200161323,0.000338941813,0.356358111,0.934349358,-0.562420607,-0.772500038,0.294833243],"scale":1.13955343,"type":"pac_rock_large_1"}
