{"ctxid":0,"pos":[777.664856,953.189697,154.326828],"rotationMatrix":[0.245987356,-0.96863389,-0.0351937115,-0.318783373,-0.046559751,-0.946683288,0.915350854,0.244091317,-0.320237368],"scale":1.22195554,"type":"pac_rock_large_2"}
{"ctxid":0,"pos":[782.37262,927.255005,150.779587],"rotationMatrix":[-0.599518239,0.800361097,0,-0.800361097,-0.599518239,0,0,0,1],"scale":1.13325441,"type":"pac_rock_large_2"}
{"ctxid":0,"pos":[784.631226,926.770996,150.362518],"rotationMatrix":[-0.939063609,-0.335806936,0.0734392181,0.343743533,-0.917381883,0.200626612,0,0.213645384,0.976911306],"scale":0.89225328,"type":"pac_rock_large_2"}
{"ctxid":0,"pos":[739.246033,781.378235,132.687225],"rotationMatrix":[0.189413577,0.0660695881,-0.979672015,-0.182866007,0.982651532,0.0309144855,0.964718699,0.173293158,0.198209465],"scale":0.990892887,"type":"pac_rock_large_2"}
{"ctxid":0,"pos":[-177.01178,-436.79361,129.540604],"rotationMatrix":[0.744462013,-0.653867364,0.135032833,0.0659891292,0.273315072,0.959658504,-0.664395869,-0.705518544,0.246620834],"scale":0.986282408,"type":"pac_rock_large_2"}
{"ctxid":0,"pos":[-174.440659,-423.993591,130.356033],"rotationMatrix":[0.998160124,-0.0606332868,0,0.045617301,0.750963271,-0.658766448,0.0399431735,0.657554388,0.752347469],"scale":0.999658704,"type":"pac_rock_large_2"}
{"ctxid":0,"pos":[-164.718475,-425.979736,129.149155],"rotationMatrix":[-0.706571817,0.453908324,-0.542884409,0.540490985,0.84134984,0,0.456755698,-0.293424129,-0.839807391],"scale":1.04901874,"type":"pac_rock_large_2"}
{"ctxid":0,"pos":[-165.662369,-438.299286,129.293182],"rotationMatrix":[-0.842718363,0.538354635,0,-0.0609253198,-0.0953700095,-0.993575692,-0.534896076,-0.837304473,0.113169491],"scale":0.960288048,"type":"pac_rock_large_2"}
{"ctxid":0,"pos":[-159.541489,-425.811615,129.109497],"rotationMatrix":[-0.0540825054,-0.859745026,0.507852018,0.998027325,-0.0627811924,0,0.0318835564,0.506850183,0.861444354],"scale":1.16910493,"type":"pac_rock_large_2"}
{"ctxid":0,"pos":[-134.805115,-450.224152,128.842148],"rotationMatrix":[-0.317099243,-0.948392332,0,0.948392332,-0.317099243,0,0,0,1],"scale":1.14897239,"type":"pac_rock_large_2"}
{"ctxid":0,"pos":[-131.902069,-450.744171,128.926544],"rotationMatrix":[-0.871730864,0.489985019,0,-0.465129733,-0.827510893,-0.314452112,-0.15407683,-0.274117619,0.949273348],"scale":1.13590014,"type":"pac_rock_large_2"}
{"ctxid":0,"pos":[-115.761818,-466.561768,128.666443],"rotationMatrix":[0.456268042,-0.889842331,0,0.889842331,0.456268042,0,0,0,1],"scale":1.07607996,"type":"pac_rock_large_2"}
{"ctxid":0,"pos":[-109.941254,-420.809906,128.215668],"rotationMatrix":[-0.840430498,0.541919351,0,-0.541919351,-0.840430498,0,0,0,1],"scale":1.04206121,"type":"pac_rock_large_2"}
{"ctxid":0,"pos":[-111.139832,-415.177399,129.192993],"rotationMatrix":[0.0549863987,0.998487115,0,-0.736340523,0.0405500606,-0.675394893,-0.67437309,0.0371375345,0.737456203],"scale":0.902060211,"type":"pac_rock_large_2"}
{"ctxid":0,"pos":[779.485962,954.021179,152.992645],"rotationMatrix":[0.202852577,-0.974922776,-0.0915221572,0.902004063,0.222417086,-0.370025992,0.38110289,-0.00749264657,0.924502194],"scale":1.01373672,"type":"pac_rock_large_2"}
{"ctxid":0,"pos":[790.242065,956.853577,153.868134],"rotationMatrix":[-0.842987537,-0.490940154,-0.219885975,0.467712671,-0.870844483,0.151244521,-0.265738487,0.024653798,0.963729858],"scale":1.06841743,"type":"pac_rock_large_2"}
{"ctxid":0,"pos":[786.054993,955.53656,152.491135],"rotationMatrix":[-0.332815766,0.942992032,0,0.0440835916,0.0155586842,0.998906672,0.94196105,0.33245188,-0.0467486382],"scale":1.23026025,"type":"pac_rock_large_2"}
{"ctxid":0,"pos":[779.809448,956.502502,151.49379],"rotationMatrix":[-0.885113299,0.465375453,0,-0.465375453,-0.885113299,0,0,0,1],"scale":1.15301037,"type":"pac_rock_large_2"}
{"ctxid":0,"pos":[785.636414,952.735291,153.319077],"rotationMatrix":[0.0953338742,-0.381559134,0.919415057,0.77002728,0.613598228,0.174800709,-0.630848289,0.691310227,0.352307677],"scale":1.04499209,"type":"pac_rock_large_2"}
{"ctxid":0,"pos":[786.749756,949.07196,151.007217],"rotationMatrix":[-0.500242889,0.282423079,-0.818531752,-0.610922635,-0.785026729,0.102500737,-0.613620818,0.551334739,0.565242708],"scale":0.894868672,"type":"pac_rock_large_2"}
{"ctxid":0,"pos":[771.309753,920.846558,154.645874],"rotationMatrix":[0.210811228,-0.947131872,0.241867542,0.0299022868,-0.241064087,-0.970048428,0.977069378,0.211729452,-0.0224976055],"scale":1.12985575,"type":"pac_rock_large_2"}
{"ctxid":0,"pos":[772.504028,923.182922,152.198868],"rotationMatrix":[0.58247757,0.260471761,0.769983172,-0.812805116,0.177062228,0.554974496,0.00822025537,-0.949106634,0.314847589],"scale":1.17134285,"type":"pac_rock_large_2"}
{"ctxid":0,"pos":[-320.845367,-728.897949,162.087311],"rotationMatrix":[-0.641049922,0.76749903,0,-0.76749903,-0.641049922,0,0,0,1],"scale":1.04489124,"type":"pac_rock_large_2"}
{"ctxid":0,"pos":[640.202881,-750.032959,136.04393],"rotationMatrix":[-0.999943197,-0.0106515381,0,0.0106515381,-0.999943197,0,0,0,1],"scale":3.29352975,"type":"pac_rock_large_2"}
{"ctxid":1,"pos":[-87.2678757,-886.369385,125.352562],"rotationMatrix":[1,0,0,0,1,0,0,0,1],"scale":1,"type":"pac_rock_large_2"}
{"ctxid":1,"pos":[199.196365,-174.784607,149.980957],"rotationMatrix":[0.873642206,0,-0.486568958,0,0.99999994,0,0.486568928,0,0.873642147],"scale":1,"type":"pac_rock_large_2"}
{"ctxid":1,"pos":[-793.349976,-832.743408,178.307312],"rotationMatrix":[1,0,0,0,1,0,0,0,1],"scale":1,"type":"pac_rock_large_2"}
{"ctxid":1,"pos":[-793.634216,-831.855347,180.141525],"rotationMatrix":[1,0,0,0,1,0,0,0,1],"scale":1,"type":"pac_rock_large_2"}
{"ctxid":1,"pos":[-795.478455,-782.755493,177.981171],"rotationMatrix":[1,0,0,0,1,0,0,0,1],"scale":1,"type":"pac_rock_large_2"}
{"ctxid":1,"pos":[-794.487,-785.401855,178.459167],"rotationMatrix":[1,0,0,0,1,0,0,0,1],"scale":1,"type":"pac_rock_large_2"}
{"ctxid":1,"pos":[-794.858887,-783.34668,179.75235],"rotationMatrix":[1,0,0,0,1,0,0,0,1],"scale":1,"type":"pac_rock_large_2"}
{"ctxid":1,"pos":[-792.957397,-787.11792,178.643234],"rotationMatrix":[1,0,0,0,1,0,0,0,1],"scale":1,"type":"pac_rock_large_2"}
{"ctxid":1,"pos":[-790.846985,-788.851318,178.872116],"rotationMatrix":[1,0,0,0,1,0,0,0,1],"scale":1,"type":"pac_rock_large_2"}
{"ctxid":1,"pos":[-784.842346,-801.795532,177.116577],"rotationMatrix":[1,0,0,0,1,0,0,0,1],"scale":1,"type":"pac_rock_large_2"}
{"ctxid":1,"pos":[-782.682983,-796.499084,178.32431],"rotationMatrix":[1,0,0,0,1,0,0,0,1],"scale":1,"type":"pac_rock_large_2"}
{"ctxid":1,"pos":[-784.694336,-795.015137,178.629456],"rotationMatrix":[1,0,0,0,1,0,0,0,1],"scale":1,"type":"pac_rock_large_2"}
{"ctxid":1,"pos":[-785.776062,-793.161987,178.668564],"rotationMatrix":[1,0,0,0,1,0,0,0,1],"scale":1,"type":"pac_rock_large_2"}
{"ctxid":1,"pos":[-787.192017,-790.588257,178.51651],"rotationMatrix":[1,0,0,0,1,0,0,0,1],"scale":1,"type":"pac_rock_large_2"}
{"ctxid":1,"pos":[-806.530029,-819.751221,167.180237],"rotationMatrix":[1,0,0,0,1,0,0,0,1],"scale":1,"type":"pac_rock_large_2"}
{"ctxid":1,"pos":[-785.728516,-790.06958,180.185791],"rotationMatrix":[1,0,0,0,1,0,0,0,1],"scale":1,"type":"pac_rock_large_2"}
{"ctxid":1,"pos":[-807.028015,-818.328857,166.657745],"rotationMatrix":[1,0,0,0,1,0,0,0,1],"scale":1,"type":"pac_rock_large_2"}
{"ctxid":1,"pos":[-788.537842,-789.298767,178.441284],"rotationMatrix":[1,0,0,0,1,0,0,0,1],"scale":1,"type":"pac_rock_large_2"}
{"ctxid":1,"pos":[-847.773315,-773.895752,179.547562],"rotationMatrix":[1,0,0,0,1,0,0,0,1],"scale":1,"type":"pac_rock_large_2"}
{"ctxid":1,"pos":[-848.793701,-774.032288,183.034515],"rotationMatrix":[1,0,0,0,1,0,0,0,1],"scale":1,"type":"pac_rock_large_2"}
{"ctxid":1,"pos":[-781.865295,-794.002258,168.914948],"rotationMatrix":[1,0,0,0,1,0,0,0,1],"scale":1,"type":"pac_rock_large_2"}
