{"ctxid":0,"pos":[976.746826,-377.160919,133.763031],"rotationMatrix":[-0.823028505,-0.567999899,0,0.567999899,-0.823028505,0,0,0,1],"scale":5.85297871,"type":"pac_rock_large_4"}
