{"ctxid":0,"pos":[781.800537,928.98114,151.062439],"rotationMatrix":[0.126301542,0.831001878,0.541741252,-0.977534235,0.0113647729,0.210469127,0.168743521,-0.556153178,0.813768268],"scale":0.906612635,"type":"pac_rock_large_3"}
{"ctxid":0,"pos":[-186.801056,-437.53241,130.082077],"rotationMatrix":[-0.0857359096,-0.797556937,-0.597120047,0.994271696,-0.106882386,0,-0.0638216138,-0.593699574,0.802151918],"scale":1.07598221,"type":"pac_rock_large_3"}
{"ctxid":0,"pos":[-191.172058,-424.490387,130.138901],"rotationMatrix":[0.973776639,0.227506101,0,-0.0486250781,0.208126128,-0.976892591,-0.222249031,0.95127517,0.213730872],"scale":1.08190763,"type":"pac_rock_large_3"}
{"ctxid":0,"pos":[-157.893082,-438.422729,129.313904],"rotationMatrix":[0.495030522,0.868875563,0,-0.398655295,0.227128655,-0.888530552,-0.772022486,0.439849734,0.458817482],"scale":1.00067794,"type":"pac_rock_large_3"}
{"ctxid":0,"pos":[-111.765236,-417.707886,129.634064],"rotationMatrix":[0.378038824,0.14057529,0.915054798,-0.348536998,0.93729502,0,-0.857676327,-0.318930447,0.403329611],"scale":0.923452377,"type":"pac_rock_large_3"}
{"ctxid":0,"pos":[786.934998,956.054565,152.386322],"rotationMatrix":[-0.95890069,-0.28374213,0,0.28374213,-0.95890069,0,0,0,1],"scale":1.18918276,"type":"pac_rock_large_3"}
{"ctxid":0,"pos":[787.064819,953.961914,151.88736],"rotationMatrix":[-0.560561776,0.675108671,0.479581743,0.32542488,-0.352951109,0.877225161,0.761491299,0.647806823,-0.0218462646],"scale":0.95071137,"type":"pac_rock_large_3"}
{"ctxid":0,"pos":[789.546936,959.124451,152.483505],"rotationMatrix":[0.98111701,-0.155476809,0.115051068,0.143511266,0.983967543,0.105890371,-0.129670009,-0.0873797089,0.987699568],"scale":1.09823155,"type":"pac_rock_large_3"}
{"ctxid":0,"pos":[785.583374,951.320068,151.500122],"rotationMatrix":[0.36105746,-0.334395289,0.87052691,0.752994537,0.655228853,-0.0606171601,-0.550124288,0.67738837,0.488373041],"scale":0.913205266,"type":"pac_rock_large_3"}
{"ctxid":0,"pos":[787.76355,947.891846,147.807693],"rotationMatrix":[0.346823156,-0.903600812,-0.251434386,0.937930524,0.334128886,0.0929741189,0,-0.268073559,0.963398457],"scale":1.18608689,"type":"pac_rock_large_3"}
{"ctxid":0,"pos":[769.105042,925.852905,152.935425],"rotationMatrix":[-0.804695785,0.460122108,0.375169724,-0.534045279,-0.284953415,-0.795988202,-0.259345859,-0.840885997,0.475026816],"scale":1.03238094,"type":"pac_rock_large_3"}
{"ctxid":0,"pos":[602.638428,-716.345459,144.805923],"rotationMatrix":[-0.437572211,0.899183214,0,-0.899183214,-0.437572211,0,0,0,1],"scale":3.0231483,"type":"pac_rock_large_3"}
