{"ctxid":1,"pos":[897.697266,-606.951111,145.790466],"rotationMatrix":[0.909775436,0.415100425,0,-0.415100425,0.909775436,0,0,0,0.999999881],"scale":1,"type":"race_rally_gate"}
