{"ctxid":1,"pos":[-503.871063,551.518982,169.236298],"rotationMatrix":[-0.22650896,0.973973572,-0.00826239958,-0.972182989,-0.226595417,-0.0592775159,-0.0596069768,-0.00539432652,0.998206794],"scale":1,"type":"race_rally_gate_finish"}
{"ctxid":1,"pos":[401.352234,721.865723,137.931366],"rotationMatrix":[-0.539413571,0.842040777,0,-0.842040777,-0.539413571,0,0,0,0.999999881],"scale":1,"type":"race_rally_gate_finish"}
