{"ctxid":1,"pos":[375.07309,-218.45047,160.000748],"rotationMatrix":[0.776000977,0.630731165,0,-0.630731165,0.776000977,0,0,0,0.999999642],"scale":1,"type":"s_big_toolbox_01"}
{"ctxid":1,"pos":[350.677124,-169.372208,160.075897],"rotationMatrix":[0.6395998,-0.768707871,0,0.768707871,0.6395998,0,0,0,0.999999762],"scale":1,"type":"s_big_toolbox_01"}
{"ctxid":1,"pos":[351.926971,-170.870941,160.07576],"rotationMatrix":[0.647054255,-0.762443781,0.000166411308,0.762443841,0.647054195,0.000184636534,-0.000248452125,7.40941732e-06,0.999999702],"scale":1,"type":"s_big_toolbox_01"}
{"ctxid":1,"pos":[354.875244,-174.177658,160.075546],"rotationMatrix":[0.611194849,-0.791479886,0,0.791479886,0.611194849,0,0,0,0.999999762],"scale":1,"type":"s_big_toolbox_01"}
{"ctxid":1,"pos":[363.201813,-196.231232,160.074173],"rotationMatrix":[-0.785036445,-0.619449377,0,0.619449377,-0.785036445,0,0,0,0.999999881],"scale":1,"type":"s_big_toolbox_01"}
