{"ctxid":1,"pos":[-787.219788,-801.646301,158.59314],"rotationMatrix":[1,0,0,0,1,0,0,0,1],"scale":1,"type":"s_compressor_01"}
{"ctxid":1,"pos":[371.157257,-219.231323,160.127838],"rotationMatrix":[-0.761859,-0.647742748,0,0.647742748,-0.761859,0,0,0,0.999999881],"scale":1.52807319,"type":"s_compressor_01"}
{"ctxid":1,"pos":[357.776703,-177.493393,160.075424],"rotationMatrix":[0.656070769,-0.75469923,0,0.75469923,0.656070769,0,0,0,0.999999881],"scale":1.88422883,"type":"s_compressor_01"}
{"ctxid":1,"pos":[365.388916,-194.691055,160.074112],"rotationMatrix":[0.808169305,0.588950157,0,-0.588950157,0.808169305,0,0,0,0.999999881],"scale":2.05750704,"type":"s_compressor_01"}
