{"ctxid":1,"pos":[366.9263,-206.450317,160.058899],"rotationMatrix":[0.782390714,0.622787535,0,-0.622787535,0.782390714,0,0,0,0.999999762],"scale":1.63994837,"type":"s_fuel_charger_concrete_base"}
{"ctxid":1,"pos":[368.062042,-205.546539,160.058899],"rotationMatrix":[0.782390714,0.622787535,0,-0.622787535,0.782390714,0,0,0,0.999999762],"scale":1.63994837,"type":"s_fuel_charger_concrete_base"}
{"ctxid":1,"pos":[365.878021,-207.281891,160.058899],"rotationMatrix":[0.782390714,0.622787535,0,-0.622787535,0.782390714,0,0,0,0.999999762],"scale":1.63994837,"type":"s_fuel_charger_concrete_base"}
