{"ctxid":1,"pos":[-791.640747,-797.65625,158.593124],"rotationMatrix":[0.635846317,-0.77181524,0,0.77181524,0.635846317,0,0,0,0.999999523],"scale":1,"type":"s_garage_workbench_big"}
{"ctxid":1,"pos":[374.923401,-224.657776,159.967926],"rotationMatrix":[0.622211397,-0.782630563,-0.0184768327,0.782465696,0.622471869,-0.0165885836,0.0244840551,-0.00413588341,0.999691069],"scale":0.820531845,"type":"s_garage_workbench_big"}
