{"ctxid":1,"pos":[-789.268188,-800.976013,159.959717],"rotationMatrix":[0.554393828,-0.832254291,0,0.832254291,0.554393828,0,0,0,0.999999881],"scale":1,"type":"s_laptop"}
{"ctxid":1,"pos":[375.354736,-218.296631,161.067749],"rotationMatrix":[0.776389897,0.630252361,0,-0.630252361,0.776389897,0,0,0,0.999999642],"scale":1,"type":"s_laptop"}
