{"ctxid":1,"pos":[-788.88623,-801.104126,159.959717],"rotationMatrix":[0.830050647,0.557687759,0,-0.557687759,0.830050647,0,0,0,0.999999881],"scale":1,"type":"s_wrench_collection"}
{"ctxid":1,"pos":[374.836853,-218.750885,161.075348],"rotationMatrix":[0.798316598,-0.601277709,0.0339843594,0.60223341,0.797244787,-0.0414115377,-0.00219402229,0.0535260625,0.998563528],"scale":1,"type":"s_wrench_collection"}
