{"ctxid":1,"pos":[-735,73,124.139999],"rotationMatrix":[-0.258819342,-0.965925634,0,0.965925634,-0.258819342,0,0,0,0.999999762],"scale":1,"type":"shiptest"}
