{"ctxid":0,"pos":[-83.7388,-333.484009,132.695969],"rotationMatrix":[0.621201873,-0.783621132,0,0.783621132,0.621201873,0,0,0,1],"scale":1.09870005,"type":"tro_bush_2_wall"}
{"ctxid":0,"pos":[-75.8874969,-337.970001,132.847992],"rotationMatrix":[0.961023688,-0.276463836,0,0.276463836,0.961023688,0,0,0,1],"scale":0.991100013,"type":"tro_bush_2_wall"}
{"ctxid":0,"pos":[-236.830002,-733.546021,153.110992],"rotationMatrix":[0.494183183,0.869413555,0,-0.869413555,0.494183183,0,0,0,1],"scale":1.09350002,"type":"tro_bush_2_wall"}
{"ctxid":0,"pos":[-235.671005,-723.409973,152.347],"rotationMatrix":[-0.184260607,0.982805431,0,-0.982805431,-0.184260607,0,0,0,1],"scale":1.12360001,"type":"tro_bush_2_wall"}
{"ctxid":0,"pos":[-279.279999,-685.450989,165.253998],"rotationMatrix":[-0.0509600639,0.998767197,0,-0.998767197,-0.0509600639,0,0,0,1],"scale":1.30850005,"type":"tro_bush_2_wall"}
{"ctxid":0,"pos":[-275.803009,-699.052979,165.658005],"rotationMatrix":[-0.139446139,0.990297675,0,-0.990297675,-0.139446139,0,0,0,1],"scale":1.16209996,"type":"tro_bush_2_wall"}
{"ctxid":0,"pos":[-453.819,661.284973,166.487],"rotationMatrix":[0.0730226636,-0.997372031,0,0.997372031,0.0730226636,0,0,0,1],"scale":1.00139999,"type":"tro_bush_2_wall"}
{"ctxid":0,"pos":[-451.559998,652.112976,166.585999],"rotationMatrix":[0.411170542,-0.911567926,0,0.911567926,0.411170542,0,0,0,1],"scale":0.840200007,"type":"tro_bush_2_wall"}
{"ctxid":0,"pos":[-128.781998,172.617004,241.824997],"rotationMatrix":[0.449333191,0.893044531,0.0216922984,-0.888242543,0.449236155,-0.0954539627,-0.0949962959,0.023616042,0.995196998],"scale":0.988399982,"type":"tro_bush_2_wall"}
{"ctxid":0,"pos":[573.281006,-257.79599,189.572998],"rotationMatrix":[0.982215047,-0.187751308,0,0.187751308,0.982215047,0,0,0,1],"scale":1.16209996,"type":"tro_bush_2_wall"}
{"ctxid":0,"pos":[565.088013,-255.091995,189.686005],"rotationMatrix":[0.830637991,-0.556799412,0,0.556799412,0.830637991,0,0,0,1],"scale":0.838100016,"type":"tro_bush_2_wall"}
{"ctxid":0,"pos":[211.352005,736.40802,132.184998],"rotationMatrix":[0.997202456,0.0747476369,0,-0.0747476369,0.997202456,0,0,0,1],"scale":0.873899996,"type":"tro_bush_2_wall"}
{"ctxid":0,"pos":[220.199997,738.38501,131.998993],"rotationMatrix":[0.940763175,0.339071393,0,-0.339071393,0.940763175,0,0,0,1],"scale":0.805299997,"type":"tro_bush_2_wall"}
{"ctxid":0,"pos":[269.230988,360.131012,184.828003],"rotationMatrix":[0.764839172,0.644240558,0,-0.644240558,0.764839172,0,0,0,1],"scale":1.17799997,"type":"tro_bush_2_wall"}
{"ctxid":0,"pos":[263.64801,351.776001,184.656006],"rotationMatrix":[0.304507852,0.952483416,0,-0.952483416,0.304507852,0,0,0,1],"scale":1.14769995,"type":"tro_bush_2_wall"}
{"ctxid":0,"pos":[259.352997,342.425995,185.087997],"rotationMatrix":[0.40289408,0.915219963,0,-0.915219963,0.40289408,0,0,0,1],"scale":0.965799987,"type":"tro_bush_2_wall"}
{"ctxid":0,"pos":[-6.07379627,603.475464,156.39772],"rotationMatrix":[0.808211207,0.588892698,0,-0.588892698,0.808211207,0,0,0,1],"scale":0.842238486,"type":"tro_bush_2_wall"}
{"ctxid":0,"pos":[-5.8211031,602.484314,156.576309],"rotationMatrix":[-0.995824218,0.0912915468,0,-0.0912915468,-0.995824218,0,0,0,1],"scale":0.952151954,"type":"tro_bush_2_wall"}
{"ctxid":0,"pos":[-268.99762,-526.465637,139.032715],"rotationMatrix":[-0.984832823,-0.173506007,0,0.173506007,-0.984832823,0,0,0,1],"scale":0.889488757,"type":"tro_bush_2_wall"}
{"ctxid":0,"pos":[-262.24823,-529.881958,138.935333],"rotationMatrix":[-0.463062614,0.886325598,0,-0.886325598,-0.463062614,0,0,0,1],"scale":0.836578667,"type":"tro_bush_2_wall"}
{"ctxid":0,"pos":[-276.936554,-531.293884,140.177246],"rotationMatrix":[-0.65294522,-0.739127815,0.165385947,0.749448538,-0.662062526,0,0.109495841,0.123948254,0.986228943],"scale":1.14783156,"type":"tro_bush_2_wall"}
{"ctxid":0,"pos":[-63.7965813,-615.546997,139.539932],"rotationMatrix":[-0.894559801,0.446948469,0,-0.446948469,-0.894559801,0,0,0,1],"scale":1.16953671,"type":"tro_bush_2_wall"}
{"ctxid":0,"pos":[-73.356041,-616.934509,138.38028],"rotationMatrix":[-0.741024196,-0.671478391,0,0.671478391,-0.741024196,0,0,0,1],"scale":1.15964711,"type":"tro_bush_2_wall"}
{"ctxid":0,"pos":[-54.0811462,-622.089844,141.374191],"rotationMatrix":[-0.680234194,0.715941489,-0.157192498,-0.724954128,-0.688797355,0,-0.108273774,0.113957353,0.987567961],"scale":1.14130473,"type":"tro_bush_2_wall"}
{"ctxid":0,"pos":[-51.8038826,-631.180481,142.923462],"rotationMatrix":[0.304927409,0.95237571,0,-0.95237571,0.304927409,0,0,0,1],"scale":0.98913765,"type":"tro_bush_2_wall"}
{"ctxid":0,"pos":[-62.1160507,-600.129639,137.82843],"rotationMatrix":[-0.125558525,-0.959522545,0.252093971,0.99154681,-0.12974906,0,0.0327089541,0.249962971,0.967702746],"scale":1.16260052,"type":"tro_bush_2_wall"}
{"ctxid":0,"pos":[-56.0200996,-603.499634,139.820099],"rotationMatrix":[0.938957214,0.324859679,0.113250099,-0.319397897,0.945461094,-0.0639401674,-0.127845153,0.0238652378,0.991506934],"scale":1.06710732,"type":"tro_bush_2_wall"}
{"ctxid":0,"pos":[-95.7234573,-590.995605,134.866699],"rotationMatrix":[-0.0698455945,0.997557759,0,-0.997557759,-0.0698455945,0,0,0,1],"scale":0.964331985,"type":"tro_bush_2_wall"}
{"ctxid":0,"pos":[-96.2333908,-581.777954,134.039871],"rotationMatrix":[-0.0172851682,0.999850631,0,-0.999850631,-0.0172851682,0,0,0,1],"scale":0.888852954,"type":"tro_bush_2_wall"}
{"ctxid":0,"pos":[-99.274437,-598.189148,137.276688],"rotationMatrix":[0.791659534,0.590764046,-0.155798078,-0.598067105,0.80144608,0,0.124863759,0.093177706,0.987788916],"scale":0.872874498,"type":"tro_bush_2_wall"}
{"ctxid":0,"pos":[-102.006409,-576.558533,134.627533],"rotationMatrix":[-0.972198188,0.183268338,0.145751163,-0.185246527,-0.982692063,0,0.143228516,-0.0269998964,0.989321291],"scale":0.97245276,"type":"tro_bush_2_wall"}
{"ctxid":0,"pos":[-755.614746,-743.490784,166.42746],"rotationMatrix":[0.507397175,-0.861712277,0,0.861712277,0.507397175,0,0,0,1],"scale":0.90970397,"type":"tro_bush_2_wall"}
{"ctxid":0,"pos":[-749.450439,-751.086975,167.053879],"rotationMatrix":[0.688045025,-0.724336326,0.0439423248,0.724925518,0.688818336,0.0035227926,-0.0328199677,0.0294310711,0.999027848],"scale":1.05490196,"type":"tro_bush_2_wall"}
{"ctxid":0,"pos":[43.500576,-664.252258,154.646179],"rotationMatrix":[-0.314376652,-0.949298263,0,0.949298263,-0.314376652,0,0,0,1],"scale":1.01065576,"type":"tro_bush_2_wall"}
{"ctxid":0,"pos":[39.2397499,-674.245178,155.188019],"rotationMatrix":[-0.542474031,-0.834315777,0.098178938,0.840072572,-0.538756609,0.0633987188,0,0.116869591,0.993147254],"scale":1.11775732,"type":"tro_bush_2_wall"}
{"ctxid":0,"pos":[-780.512634,-533.893066,171.994904],"rotationMatrix":[0.985197186,-0.171424419,0,0.171424419,0.985197186,0,0,0,1],"scale":1.05281019,"type":"tro_bush_2_wall"}
{"ctxid":0,"pos":[-769.836121,-535.328674,172.149811],"rotationMatrix":[0.998576999,-0.0533291511,0,0.0533291511,0.998576999,0,0,0,1],"scale":1.03231478,"type":"tro_bush_2_wall"}
{"ctxid":0,"pos":[-758.438904,-561.000549,170.962708],"rotationMatrix":[-0.985997438,0.166760415,0,-0.166760415,-0.985997438,0,0,0,1],"scale":0.921623766,"type":"tro_bush_2_wall"}
{"ctxid":0,"pos":[-750.158569,-564.903992,170.353271],"rotationMatrix":[-0.692511559,0.721406877,0,-0.721406877,-0.692511559,0,0,0,1],"scale":0.995208383,"type":"tro_bush_2_wall"}
{"ctxid":0,"pos":[313.447266,-81.5587616,175.043335],"rotationMatrix":[0.610828698,-0.79176259,0,0.79176259,0.610828698,0,0,0,1],"scale":0.9560467,"type":"tro_bush_2_wall"}
{"ctxid":0,"pos":[69.5372772,289.148956,285.573975],"rotationMatrix":[0.257476747,-0.966284692,0,0.966284692,0.257476747,0,0,0,1],"scale":0.840807438,"type":"tro_bush_2_wall"}
{"ctxid":1,"pos":[-183.285172,-166.075241,132.317123],"rotationMatrix":[0.121504128,-0.992590845,0,0.992590845,0.121504128,0,0,0,0.999999881],"scale":0.900393844,"type":"tro_bush_2_wall"}
