{"ctxid":0,"pos":[-95.8524704,-574.681641,132.933258],"rotationMatrix":[0.844377518,-0.535748601,0,0.535748601,0.844377518,0,0,0,1],"scale":1.16171086,"type":"tro_bush_2_tiny_b"}
{"ctxid":0,"pos":[-97.0805817,-572.301941,133.077316],"rotationMatrix":[0.67884928,0.734277606,0,-0.734277606,0.67884928,0,0,0,1],"scale":1.07405889,"type":"tro_bush_2_tiny_b"}
{"ctxid":0,"pos":[16.492691,-653.572998,154.132553],"rotationMatrix":[-0.349396408,-0.936975002,0,0.936975002,-0.349396408,0,0,0,1],"scale":1.04020977,"type":"tro_bush_2_tiny_b"}
{"ctxid":0,"pos":[38.6820984,-672.039795,155.13765],"rotationMatrix":[0.999984145,-0.00563037023,0,0.00563037023,0.999984145,0,0,0,1],"scale":0.988607645,"type":"tro_bush_2_tiny_b"}
{"ctxid":0,"pos":[-462.827545,-702.425293,167.058594],"rotationMatrix":[0.57882911,-0.81544888,0,0.81544888,0.57882911,0,0,0,1],"scale":0.803661168,"type":"tro_bush_2_tiny_b"}
{"ctxid":0,"pos":[-458.967743,-704.107849,167.260742],"rotationMatrix":[0.745227933,0.666809797,0,-0.666809797,0.745227933,0,0,0,1],"scale":1.14516163,"type":"tro_bush_2_tiny_b"}
{"ctxid":0,"pos":[-487.689575,-691.844177,164.741302],"rotationMatrix":[-0.935043216,0.354533762,0,-0.354533762,-0.935043216,0,0,0,1],"scale":1.14300823,"type":"tro_bush_2_tiny_b"}
{"ctxid":0,"pos":[-342.081512,-790.619507,184.399567],"rotationMatrix":[0.841952801,-0.539551198,0,0.539551198,0.841952801,0,0,0,1],"scale":1.0693872,"type":"tro_bush_2_tiny_b"}
{"ctxid":0,"pos":[276.444458,-37.2992058,168.832321],"rotationMatrix":[0.024873564,0.999690592,0,-0.999690592,0.024873564,0,0,0,1],"scale":0.856835902,"type":"tro_bush_2_tiny_b"}
{"ctxid":0,"pos":[-865.588257,935.159241,140.878662],"rotationMatrix":[-0.680384755,-0.732855022,0,0.732855022,-0.680384755,0,0,0,1],"scale":0.840614617,"type":"tro_bush_2_tiny_b"}
{"ctxid":0,"pos":[-862.75177,935.901855,143.352539],"rotationMatrix":[-0.871262252,0.490817845,0,-0.490817845,-0.871262252,0,0,0,1],"scale":0.876373649,"type":"tro_bush_2_tiny_b"}
{"ctxid":0,"pos":[-863.07373,935.931213,141.915375],"rotationMatrix":[0.961007357,-0.276522666,0,0.276522666,0.961007357,0,0,0,1],"scale":1.15426469,"type":"tro_bush_2_tiny_b"}
{"ctxid":0,"pos":[-738.936096,809.901733,148.565903],"rotationMatrix":[-0.13619104,-0.990682542,0,0.990682542,-0.13619104,0,0,0,1],"scale":1.0530653,"type":"tro_bush_2_tiny_b"}
{"ctxid":0,"pos":[-736.698364,807.251221,146.669037],"rotationMatrix":[0.957055092,0.289906085,0,-0.289906085,0.957055092,0,0,0,1],"scale":0.819453418,"type":"tro_bush_2_tiny_b"}
{"ctxid":0,"pos":[308.585419,-85.5594559,174.091644],"rotationMatrix":[0.678448796,0.73464781,0,-0.73464781,0.678448796,0,0,0,1],"scale":1.04189467,"type":"tro_bush_2_tiny_b"}
{"ctxid":0,"pos":[307.282013,-85.1884995,174.591812],"rotationMatrix":[-0.694031239,-0.719944954,0,0.719944954,-0.694031239,0,0,0,1],"scale":0.84660846,"type":"tro_bush_2_tiny_b"}
{"ctxid":0,"pos":[307.667999,-86.1038666,173.960083],"rotationMatrix":[-0.327116728,0.94498384,0,-0.94498384,-0.327116728,0,0,0,1],"scale":0.902446389,"type":"tro_bush_2_tiny_b"}
{"ctxid":0,"pos":[668.543457,22.5233288,130.867554],"rotationMatrix":[0.374553889,0.927205205,0,-0.927205205,0.374553889,0,0,0,1],"scale":1.19672596,"type":"tro_bush_2_tiny_b"}
{"ctxid":1,"pos":[-180.154572,-150.319626,134.818329],"rotationMatrix":[0.311795175,-0.950149238,0,0.950149238,0.311795175,0,0,0,0.999999881],"scale":0.80889827,"type":"tro_bush_2_tiny_b"}
{"ctxid":1,"pos":[-181.137604,-150.34375,134.935669],"rotationMatrix":[0.999954343,-0.00954959635,0,0.00954959635,0.999954343,0,0,0,0.999999881],"scale":0.921860695,"type":"tro_bush_2_tiny_b"}
{"ctxid":1,"pos":[-182.437912,-159.675964,133.051544],"rotationMatrix":[-0.999005556,0.044583641,0,-0.044583641,-0.999005556,0,0,0,0.999999881],"scale":0.854005158,"type":"tro_bush_2_tiny_b"}
{"ctxid":1,"pos":[-180.150269,-157.699371,133.286591],"rotationMatrix":[0.96924597,-0.246093526,0,0.246093526,0.96924597,0,0,0,0.999999881],"scale":0.966349721,"type":"tro_bush_2_tiny_b"}
{"ctxid":1,"pos":[-172.04599,-160.276474,132.640686],"rotationMatrix":[-0.943852842,-0.330365956,0,0.330365956,-0.943852842,0,0,0,0.999999881],"scale":0.828019202,"type":"tro_bush_2_tiny_b"}
{"ctxid":1,"pos":[-167.379425,-161.714798,132.810242],"rotationMatrix":[0.831093729,0.556132317,0,-0.556132317,0.831093729,0,0,0,0.999999881],"scale":1.15908623,"type":"tro_bush_2_tiny_b"}
{"ctxid":1,"pos":[858.986328,-739.976196,157.243408],"rotationMatrix":[-0.489745378,0.871865332,0,-0.871865332,-0.489745378,0,0,0,0.999999881],"scale":0.991778314,"type":"tro_bush_2_tiny_b"}
{"ctxid":1,"pos":[860.879211,-737.069641,157.171158],"rotationMatrix":[-0.341757745,0.939787924,0,-0.939787924,-0.341757745,0,0,0,0.999999881],"scale":0.935679317,"type":"tro_bush_2_tiny_b"}
