{"ctxid":0,"pos":[-257.826996,264.976013,216.576996],"rotationMatrix":[-0.450052023,-0.892000735,-0.0435693637,0.8928743,-0.450426459,-0.00135635957,-0.0184125621,-0.0395108424,0.999049544],"scale":1.1336,"type":"tro_tree_1_fallen"}
{"ctxid":0,"pos":[-392.23999,169.475998,189.037994],"rotationMatrix":[-0.387946248,-0.889677107,0.240621746,0.916608989,-0.399692297,-5.5283308e-06,0.0961884782,0.220559761,0.970618129],"scale":1.19210005,"type":"tro_tree_1_fallen"}
{"ctxid":0,"pos":[-633.106995,518.64502,147.287003],"rotationMatrix":[-0.926291943,0.37666133,0,-0.37666133,-0.926291943,0,0,0,1],"scale":0.972599983,"type":"tro_tree_1_fallen"}
{"ctxid":0,"pos":[-882.25,378.041992,129.091995],"rotationMatrix":[0.243353665,0.944190681,0.222144514,-0.969918191,0.239266813,0.0455593914,-0.0101441815,-0.226541236,0.973949909],"scale":0.969900012,"type":"tro_tree_1_fallen"}
{"ctxid":0,"pos":[777.730896,-416.976562,176.787491],"rotationMatrix":[0.245348245,0.928017914,-0.280327171,-0.948359966,0.2897259,0.129107922,0.201032251,0.234175563,0.951182187],"scale":1.34210002,"type":"tro_tree_1_fallen"}
{"ctxid":0,"pos":[526.843018,-27.5018005,160.225006],"rotationMatrix":[0.751372397,0.597898901,0.279258043,-0.600673735,0.794899762,-0.0857265145,-0.273238271,-0.103319556,0.956384301],"scale":1.10570002,"type":"tro_tree_1_fallen"}
{"ctxid":0,"pos":[126.006836,-16.4317245,160.938324],"rotationMatrix":[-0.565251291,0.770141006,0.295441657,-0.822532237,-0.499337971,-0.272061706,-0.0619954765,-0.396812171,0.915801406],"scale":1.18939996,"type":"tro_tree_1_fallen"}
{"ctxid":0,"pos":[293.882996,685.708008,140.306],"rotationMatrix":[-0.945575356,0.325873494,0,-0.325873494,-0.945575356,0,0,0,1],"scale":1.10290003,"type":"tro_tree_1_fallen"}
{"ctxid":0,"pos":[31.1081009,438.946991,234.718002],"rotationMatrix":[-0.961319685,0.241739959,0.13088204,-0.245042354,-0.969312429,-0.00949501991,0.124589555,-0.0412032194,0.991351843],"scale":1.16639996,"type":"tro_tree_1_fallen"}
{"ctxid":0,"pos":[103.075996,245.382996,268.096008],"rotationMatrix":[0.608327806,0.785844147,0.111185297,-0.790744126,0.612127304,-4.6402216e-05,-0.0680947006,-0.0878935978,0.993799508],"scale":1.2802,"type":"tro_tree_1_fallen"}
{"ctxid":0,"pos":[419.91925,-817.936401,135.861435],"rotationMatrix":[0.87300837,-0.476530433,-0.103802234,0.474119484,0.879130125,-0.0483804941,0.114310458,-0.00697809272,0.993420541],"scale":1.28584456,"type":"tro_tree_1_fallen"}
{"ctxid":0,"pos":[362.538086,-748.452881,131.027374],"rotationMatrix":[-0.147469118,0.977058649,-0.153653011,-0.988800824,-0.149241388,0,-0.0229313876,0.151932225,0.988124847],"scale":1.03432488,"type":"tro_tree_1_fallen"}
{"ctxid":0,"pos":[-150.3974,-704.481628,160.950241],"rotationMatrix":[-0.0318435766,0.812304199,-0.582364202,-0.99923265,-0.0391714573,0,-0.0228120536,0.581917346,0.812928021],"scale":1.11408067,"type":"tro_tree_1_fallen"}
{"ctxid":0,"pos":[-122.720978,-698.656067,159.071136],"rotationMatrix":[-0.7465415,0.365128368,-0.556198716,-0.439358234,-0.898311913,0,-0.499639928,0.24437049,0.831049323],"scale":0.978936613,"type":"tro_tree_1_fallen"}
{"ctxid":0,"pos":[-105.109497,-695.340332,156.576599],"rotationMatrix":[-0.94161725,0.177391246,-0.286162972,-0.198609948,-0.978966951,0.0466669947,-0.271865755,0.100777254,0.957043886],"scale":0.930559278,"type":"tro_tree_1_fallen"}
{"ctxid":0,"pos":[734.065002,756.305054,134.474213],"rotationMatrix":[0.432264984,0.876243711,-0.212941289,-0.899799168,0.434643775,-0.038028568,0.0592313111,0.2080428,0.976324618],"scale":0.977329969,"type":"tro_tree_1_fallen"}
{"ctxid":0,"pos":[773.49115,938.113403,157.778305],"rotationMatrix":[-0.117366806,0.90201205,0.415450752,-0.992671728,-0.0944377929,-0.0753944814,-0.0287725925,-0.421254814,0.906485856],"scale":1.14564407,"type":"tro_tree_1_fallen"}
{"ctxid":0,"pos":[-698.240173,-541.523682,163.235886],"rotationMatrix":[0.828569889,-0.0600088462,-0.556660473,0.0722354054,0.997387648,0,0.555206299,-0.0402105935,0.830740094],"scale":1.11193228,"type":"tro_tree_1_fallen"}
{"ctxid":0,"pos":[-680.266235,-491.116058,156.287689],"rotationMatrix":[0.732868731,0.644503474,-0.217987731,-0.67829138,0.717139602,-0.160098732,0.0531434417,0.265190542,0.962730348],"scale":1.27272546,"type":"tro_tree_1_fallen"}
{"ctxid":0,"pos":[-824.505554,774.17926,186.595093],"rotationMatrix":[-0.992904544,-0.0490806401,0.108312793,-0.00254029036,-0.901886523,-0.431965828,0.118887007,-0.429175943,0.895362437],"scale":0.679394841,"type":"tro_tree_1_fallen"}
{"ctxid":0,"pos":[-84.0629349,274.336578,270.412323],"rotationMatrix":[0.304023594,0.931307912,0.200585768,-0.952641487,0.298656106,0.0572556928,-0.00658347365,-0.208493382,0.978001654],"scale":1.18144345,"type":"tro_tree_1_fallen"}
{"ctxid":0,"pos":[892.925781,-788.149963,131.651352],"rotationMatrix":[-0.923562765,-0.332392871,-0.191170365,0.379040182,-0.866759658,-0.324122906,-0.0579626635,-0.371809244,0.926497817],"scale":1.07961082,"type":"tro_tree_1_fallen"}
{"ctxid":0,"pos":[887.091064,-788.211304,131.507034],"rotationMatrix":[-0.943405628,-0.262243569,-0.203012511,0.330208004,-0.799614906,-0.501576066,-0.0307967365,-0.540226102,0.840956211],"scale":1.11563265,"type":"tro_tree_1_fallen"}
{"ctxid":0,"pos":[891.382751,-784.594971,136.121246],"rotationMatrix":[-0.706345558,0.399422646,0.584411442,-0.692468882,-0.561156273,-0.453420162,0.146839991,-0.724958301,0.672958612],"scale":1.01155472,"type":"tro_tree_1_fallen"}
{"ctxid":0,"pos":[995.40509,-833.603516,130.241776],"rotationMatrix":[0.862493575,0.50606811,0,-0.50606811,0.862493575,0,0,0,1],"scale":0.454258502,"type":"tro_tree_1_fallen"}
{"ctxid":0,"pos":[983.815735,-828.622131,144.927444],"rotationMatrix":[0.895089328,-0.269150138,-0.355490118,0.203314215,0.95592463,-0.211828336,0.396835476,0.117329098,0.910360098],"scale":0.570780933,"type":"tro_tree_1_fallen"}
{"ctxid":0,"pos":[980.849792,-647.440735,126.58168],"rotationMatrix":[0.743674457,0.358288527,0.564426363,-0.285397381,0.933610618,-0.216607958,-0.604562938,0,0.796557367],"scale":1.10329998,"type":"tro_tree_1_fallen"}
{"ctxid":0,"pos":[976.162476,-451.312744,132.495956],"rotationMatrix":[0.738779902,-0.510625958,-0.439847052,0.469852775,0.858123541,-0.207032025,0.483159065,-0.0537122898,0.873883486],"scale":1.0692811,"type":"tro_tree_1_fallen"}
{"ctxid":0,"pos":[578.34491,-58.3628998,142.7332],"rotationMatrix":[0.874500215,0.121745318,-0.469496906,-0.0446771681,0.984089017,0.171967164,0.482962966,-0.129409552,0.866025388],"scale":1.19983566,"type":"tro_tree_1_fallen"}
{"ctxid":0,"pos":[747.268921,663.583557,129.201233],"rotationMatrix":[0.1625368,0.959312856,0.23086898,-0.986702383,0.158024997,0.0380304195,0,-0.233980358,0.972241342],"scale":1.19085217,"type":"tro_tree_1_fallen"}
{"ctxid":0,"pos":[695.042419,714.209351,145.064835],"rotationMatrix":[0.99475491,-0.10228768,0,0.10228768,0.99475491,0,0,0,1],"scale":0.544848263,"type":"tro_tree_1_fallen"}
{"ctxid":0,"pos":[753.679504,939.716858,134.521179],"rotationMatrix":[-0.872423053,0.488750994,0,-0.488750994,-0.872423053,0,0,0,1],"scale":1.07802367,"type":"tro_tree_1_fallen"}
{"ctxid":0,"pos":[-900.982361,664.81958,126.705826],"rotationMatrix":[-0.365476996,-0.877025545,0.311854094,0.894300222,-0.423769325,-0.143690094,0.258174032,0.226375729,0.939201891],"scale":1.14511764,"type":"tro_tree_1_fallen"}
{"ctxid":0,"pos":[-934.338196,663.271545,141.17746],"rotationMatrix":[0.0647054017,-0.963888168,0.258326948,0.99790442,0.0624997467,-0.01675025,0,0.258869439,0.965912282],"scale":0.956822276,"type":"tro_tree_1_fallen"}
{"ctxid":0,"pos":[-927.32959,-11.5386972,147.254791],"rotationMatrix":[0.45047313,0.886267126,-0.107723445,-0.809439301,0.35452649,-0.468101382,-0.376672059,0.298062712,0.877084136],"scale":0.6828987,"type":"tro_tree_1_fallen"}
{"ctxid":0,"pos":[-982.158875,351.28656,134.884521],"rotationMatrix":[0.921098471,0.385957479,0.0511320233,-0.389312714,0.914308608,0.111693233,-0.00364160538,-0.12278682,0.992426395],"scale":0.809723675,"type":"tro_tree_1_fallen"}
{"ctxid":0,