{"ctxid":0,"pos":[-96.1916428,-573.246704,132.929077],"rotationMatrix":[-0.845215976,0.534424841,0,-0.534424841,-0.845215976,0,0,0,1],"scale":1.19919133,"type":"tro_bush_2_tiny"}
{"ctxid":0,"pos":[-94.561821,-591.15033,134.712646],"rotationMatrix":[-0.419267505,-0.907862723,0,0.907862723,-0.419267505,0,0,0,1],"scale":0.869208634,"type":"tro_bush_2_tiny"}
{"ctxid":0,"pos":[-94.3267136,-594.390442,135.115921],"rotationMatrix":[-0.398595124,-0.917127013,0,0.917127013,-0.398595124,0,0,0,1],"scale":1.10887313,"type":"tro_bush_2_tiny"}
{"ctxid":0,"pos":[-92.6430206,-599.223267,135.508041],"rotationMatrix":[0.840475857,0.541848958,0,-0.541848958,0.840475857,0,0,0,1],"scale":0.802729964,"type":"tro_bush_2_tiny"}
{"ctxid":0,"pos":[-91.687706,-601.10675,135.801971],"rotationMatrix":[0.405432642,-0.914124906,0,0.914124906,0.405432642,0,0,0,1],"scale":1.12653291,"type":"tro_bush_2_tiny"}
{"ctxid":0,"pos":[18.3268013,-653.609619,154.226913],"rotationMatrix":[0.808888793,-0.587961674,0,0.587961674,0.808888793,0,0,0,1],"scale":0.853480518,"type":"tro_bush_2_tiny"}
{"ctxid":0,"pos":[19.6715031,-648.078552,154.290726],"rotationMatrix":[0.568715811,0.822534084,0,-0.822534084,0.568715811,0,0,0,1],"scale":1.18001199,"type":"tro_bush_2_tiny"}
{"ctxid":0,"pos":[37.3355713,-674.092896,155.453506],"rotationMatrix":[0.846420884,-0.532514513,0,0.532514513,0.846420884,0,0,0,1],"scale":0.929986238,"type":"tro_bush_2_tiny"}
{"ctxid":0,"pos":[30.6221657,-671.382935,155.95224],"rotationMatrix":[0.909569025,0.415552855,0,-0.415552855,0.909569025,0,0,0,1],"scale":0.858508706,"type":"tro_bush_2_tiny"}
{"ctxid":0,"pos":[26.939188,-668.790222,156.181747],"rotationMatrix":[0.54726541,0.836959124,0,-0.836959124,0.54726541,0,0,0,1],"scale":1.10889614,"type":"tro_bush_2_tiny"}
{"ctxid":0,"pos":[-474.422058,-694.702576,165.416504],"rotationMatrix":[0.0912099779,-0.995831668,0,0.995831668,0.0912099779,0,0,0,1],"scale":1.18497026,"type":"tro_bush_2_tiny"}
{"ctxid":0,"pos":[-460.380463,-703.284485,167.203217],"rotationMatrix":[-0.965557992,0.260187924,0,-0.260187924,-0.965557992,0,0,0,1],"scale":1.0702498,"type":"tro_bush_2_tiny"}
{"ctxid":0,"pos":[-459.82666,-705.006836,167.514282],"rotationMatrix":[-0.593896449,0.804541469,0,-0.804541469,-0.593896449,0,0,0,1],"scale":1.0940634,"type":"tro_bush_2_tiny"}
{"ctxid":0,"pos":[-460.758026,-704.335876,167.44577],"rotationMatrix":[-0.981876612,0.189521343,0,-0.189521343,-0.981876612,0,0,0,1],"scale":0.88150388,"type":"tro_bush_2_tiny"}
{"ctxid":0,"pos":[-458.031555,-705.855164,167.676514],"rotationMatrix":[0.0995137244,-0.995036185,0,0.995036185,0.0995137244,0,0,0,1],"scale":1.14103949,"type":"tro_bush_2_tiny"}
{"ctxid":0,"pos":[439.799255,-189.173096,160.337555],"rotationMatrix":[0.602043033,-0.798463643,0,0.798463643,0.602043033,0,0,0,1],"scale":0.976529121,"type":"tro_bush_2_tiny"}
{"ctxid":0,"pos":[-866.180298,935.345276,141.696426],"rotationMatrix":[-0.614752054,0.78872031,0,-0.78872031,-0.614752054,0,0,0,1],"scale":0.93776238,"type":"tro_bush_2_tiny"}
{"ctxid":0,"pos":[-864.177307,935.681274,142.820892],"rotationMatrix":[-0.837650239,0.546206832,0,-0.546206832,-0.837650239,0,0,0,1],"scale":1.11726713,"type":"tro_bush_2_tiny"}
{"ctxid":0,"pos":[-864.566895,935.322632,142.816406],"rotationMatrix":[-0.990628719,-0.136582464,0,0.136582464,-0.990628719,0,0,0,1],"scale":0.964494169,"type":"tro_bush_2_tiny"}
{"ctxid":0,"pos":[-738.696716,809.524048,148.227203],"rotationMatrix":[0.640713453,-0.767780066,0,0.767780066,0.640713453,0,0,0,1],"scale":1.18578124,"type":"tro_bush_2_tiny"}
{"ctxid":0,"pos":[306.369415,-84.8769531,174.807251],"rotationMatrix":[0.334729165,-0.942314386,0,0.942314386,0.334729165,0,0,0,1],"scale":1.0579567,"type":"tro_bush_2_tiny"}
{"ctxid":0,"pos":[662.999512,22.4670811,130.888596],"rotationMatrix":[0.766444266,0.642310917,0,-0.642310917,0.766444266,0,0,0,1],"scale":1.08679199,"type":"tro_bush_2_tiny"}
{"ctxid":1,"pos":[-179.389633,-150.883331,134.732712],"rotationMatrix":[-0.966402352,-0.257033885,0,0.257033885,-0.966402352,0,0,0,0.999999881],"scale":0.922824979,"type":"tro_bush_2_tiny"}
{"ctxid":1,"pos":[-180.38707,-153.596573,134.345642],"rotationMatrix":[-0.374487013,-0.927232087,0,0.927232087,-0.374487013,0,0,0,0.999999881],"scale":1.12951505,"type":"tro_bush_2_tiny"}
{"ctxid":1,"pos":[-180.339615,-151.990707,134.724594],"rotationMatrix":[-0.946658194,-0.322239399,0,0.322239399,-0.946658194,0,0,0,0.999999881],"scale":1.05671525,"type":"tro_bush_2_tiny"}
{"ctxid":1,"pos":[-182.131958,-158.227386,133.220581],"rotationMatrix":[-0.725263655,0.688471138,0,-0.688471138,-0.725263655,0,0,0,0.999999881],"scale":0.889627695,"type":"tro_bush_2_tiny"}
