{"ctxid":0,"pos":[435.111816,-181.925323,163.450089],"rotationMatrix":[0.792635381,-0.609695852,0,0.609695852,0.792635381,0,0,0,1],"scale":0.843547225,"type":"tropical_plant_03_e"}
{"ctxid":0,"pos":[449.954529,-198.43541,163.574768],"rotationMatrix":[0.898138404,-0.439712882,0,0.439712882,0.898138404,0,0,0,1],"scale":0.805810571,"type":"tropical_plant_03_e"}
{"ctxid":0,"pos":[552.126465,786.005554,141.427383],"rotationMatrix":[0.308110893,0.919808626,-0.242939532,-0.947602034,0.319367766,0.0073710829,0.0843670145,0.22793892,0.97001344],"scale":0.713241756,"type":"tropical_plant_03_e"}
{"ctxid":0,"pos":[553.791748,785.185974,141.481583],"rotationMatrix":[-0.0700397491,0.992047846,-0.104572803,-0.997349203,-0.0675678253,0.0270008743,0.0197203942,0.106186748,0.994150639],"scale":0.737895012,"type":"tropical_plant_03_e"}
{"ctxid":0,"pos":[556.932129,786.091919,144.416367],"rotationMatrix":[-0.805636883,-0.592075884,-0.0198755935,0.592409432,-0.805183291,-0.0270294752,9.31322575e-10,-0.0335504375,0.999437034],"scale":0.738415003,"type":"tropical_plant_03_e"}
{"ctxid":0,"pos":[557.553223,785.675903,145.342667],"rotationMatrix":[-0.839666724,0.53771317,0.0763172135,-0.540757895,-0.840788841,-0.0255931877,0.050404869,-0.0627588928,0.996755064],"scale":0.777578413,"type":"tropical_plant_03_e"}
{"ctxid":0,"pos":[635.215759,33.135601,139.649887],"rotationMatrix":[0.996303618,0.085900262,0,-0.085900262,0.996303618,0,0,0,1],"scale":0.80475527,"type":"tropical_plant_03_e"}
{"ctxid":0,"pos":[625.4505,-23.5663071,135.342941],"rotationMatrix":[0.972099721,0.234568417,0,-0.234568417,0.972099721,0,0,0,1],"scale":0.770443976,"type":"tropical_plant_03_e"}
{"ctxid":0,"pos":[625.595886,-23.6505413,142.807968],"rotationMatrix":[0.949633896,-0.313361734,0,0.313361734,0.949633896,0,0,0,1],"scale":0.782033443,"type":"tropical_plant_03_e"}
{"ctxid":0,"pos":[624.172974,-22.8600559,142.400131],"rotationMatrix":[0.996962786,-0.0778809488,0,0.0778430849,0.99647814,0.0311769452,-0.00242808997,-0.0310822539,0.999513865],"scale":0.823400199,"type":"tropical_plant_03_e"}
{"ctxid":0,"pos":[-915.134766,-19.5918045,137.555817],"rotationMatrix":[0.417410076,0.76653862,0.488044173,-0.908718109,0.352101415,0.224177942,0,-0.537068844,0.843538404],"scale":0.76849252,"type":"tropical_plant_03_e"}
{"ctxid":0,"pos":[-901.405701,-696.204712,128.776672],"rotationMatrix":[0.789731264,-0.580104768,0.199506789,0.591407955,0.806364417,0.00362153351,-0.162976027,0.115129858,0.97988975],"scale":0.765118659,"type":"tropical_plant_03_e"}
{"ctxid":0,"pos":[-112.230125,-794.379272,131.841003],"rotationMatrix":[-0.195300207,0.980743468,0,-0.980743468,-0.195300207,0,0,0,1],"scale":0.756825924,"type":"tropical_plant_03_e"}
{"ctxid":1,"pos":[-776.787842,-801.902222,158.991364],"rotationMatrix":[0.590709269,-0.806884348,0,0.806884348,0.590709269,0,0,0,0.999999881],"scale":0.766268671,"type":"tropical_plant_03_e"}
{"ctxid":1,"pos":[-785.153076,-782.790894,150.557877],"rotationMatrix":[-0.900624394,0.434598267,0,-0.434598267,-0.900624394,0,0,0,0.999999881],"scale":0.853563607,"type":"tropical_plant_03_e"}
{"ctxid":1,"pos":[-772.103455,-802.727905,157.912323],"rotationMatrix":[0.877067268,0.480367452,0,-0.480367452,0.877067268,0,0,0,0.999999881],"scale":0.896979988,"type":"tropical_plant_03_e"}
{"ctxid":1,"pos":[-772.16925,-804.803528,161.439423],"rotationMatrix":[0.431227982,-0.902242899,0,0.902242899,0.431227982,0,0,0,0.999999881],"scale":0.889085174,"type":"tropical_plant_03_e"}
