{"ctxid":0,"pos":[435.215088,-182.108765,164.12944],"rotationMatrix":[0.34301734,-0.93932426,0.00299883704,0.939324617,0.343023807,0.00196038396,-0.00287010823,0.00214443589,0.999993563],"scale":0.831371903,"type":"tropical_plant_03_d"}
{"ctxid":0,"pos":[440.236816,-187.484573,164.562149],"rotationMatrix":[0.743652284,-0.668566585,0,0.668566585,0.743652284,0,0,0,1],"scale":0.81071341,"type":"tropical_plant_03_d"}
{"ctxid":0,"pos":[449.865173,-198.547394,160.412018],"rotationMatrix":[0.944545031,-0.328382105,0,0.328382105,0.944545031,0,0,0,1],"scale":0.845947802,"type":"tropical_plant_03_d"}
{"ctxid":0,"pos":[556.883606,785.450806,146.667252],"rotationMatrix":[-0.309471786,0.950908542,0,-0.950908542,-0.309471786,0,0,0,1],"scale":0.871812761,"type":"tropical_plant_03_d"}
{"ctxid":0,"pos":[555.539001,787.575378,145.780807],"rotationMatrix":[-0.510288239,-0.860003471,0,0.860003471,-0.510288239,0,0,0,1],"scale":0.851611495,"type":"tropical_plant_03_d"}
{"ctxid":0,"pos":[555.311951,787.097839,148.78714],"rotationMatrix":[0.611638784,0.791137278,0,-0.791137278,0.611638784,0,0,0,1],"scale":0.81667614,"type":"tropical_plant_03_d"}
{"ctxid":0,"pos":[557.71405,785.882446,149.175201],"rotationMatrix":[-0.206259638,0.978497148,0,-0.978497148,-0.206259638,0,0,0,1],"scale":0.846193433,"type":"tropical_plant_03_d"}
{"ctxid":0,"pos":[743.90387,784.902771,134.082031],"rotationMatrix":[-0.885918856,-0.463840395,0,0.463840395,-0.885918856,0,0,0,1],"scale":0.848858476,"type":"tropical_plant_03_d"}
{"ctxid":0,"pos":[742.790466,784.047852,132.767975],"rotationMatrix":[-0.75955677,-0.650441229,0,0.650441229,-0.75955677,0,0,0,1],"scale":0.818533123,"type":"tropical_plant_03_d"}
{"ctxid":0,"pos":[643.650452,-14.663106,132.397461],"rotationMatrix":[-0.79378891,0.608193278,0,-0.608193278,-0.79378891,0,0,0,1],"scale":0.880376697,"type":"tropical_plant_03_d"}
{"ctxid":0,"pos":[630.735474,-11.2679234,132.397461],"rotationMatrix":[-0.971831203,-0.235677749,0,0.235677749,-0.971831203,0,0,0,1],"scale":0.830638647,"type":"tropical_plant_03_d"}
{"ctxid":0,"pos":[635.06897,30.8068085,136.050812],"rotationMatrix":[0.998742223,-0.0501383916,0,0.0501383916,0.998742223,0,0,0,1],"scale":0.881645262,"type":"tropical_plant_03_d"}
{"ctxid":0,"pos":[634.668335,33.8730888,140.042877],"rotationMatrix":[-0.512257814,-0.858831644,0,0.858831644,-0.512257814,0,0,0,1],"scale":0.835857868,"type":"tropical_plant_03_d"}
{"ctxid":0,"pos":[625.522217,-23.4089775,132.11084],"rotationMatrix":[0.982507825,-0.185981661,-0.0094144186,0.186219797,0.981251419,0.0496710874,0,-0.0505554117,0.998721242],"scale":0.851528764,"type":"tropical_plant_03_d"}
{"ctxid":0,"pos":[625.708923,-23.6523666,139.219116],"rotationMatrix":[0.942853212,-0.333207846,0,0.333207846,0.942853212,0,0,0,1],"scale":0.860464811,"type":"tropical_plant_03_d"}
{"ctxid":0,"pos":[-914.264587,-18.52211,132.548309],"rotationMatrix":[0.780183792,0.62555027,0,-0.62555027,0.780183792,0,0,0,1],"scale":0.896603823,"type":"tropical_plant_03_d"}
{"ctxid":0,"pos":[-914.515991,-18.4162865,135.30162],"rotationMatrix":[-0.0298306234,0.999554932,0,-0.999554932,-0.0298306234,0,0,0,1],"scale":0.884486556,"type":"tropical_plant_03_d"}
{"ctxid":0,"pos":[-915.085205,-18.5647449,135.930054],"rotationMatrix":[0.667349458,0.680198371,0.303273678,-0.744744778,0.609510839,0.271756887,0,-0.407218277,0.913330853],"scale":0.899501681,"type":"tropical_plant_03_d"}
{"ctxid":0,"pos":[-896.068604,-749.378601,135.32605],"rotationMatrix":[-0.976367712,-0.21501404,0.0217879843,0.21557647,-0.976085663,0.027987726,0.0152491871,0.0320232958,0.999370813],"scale":0.877856314,"type":"tropical_plant_03_d"}
{"ctxid":0,"pos":[-896.325195,-746.502197,135.159119],"rotationMatrix":[-0.318146944,0.94782573,-0.0202073622,-0.947864473,-0.317603946,0.0260791779,0.0183005761,0.0274508633,0.999455631],"scale":0.87979126,"type":"tropical_plant_03_d"}
{"ctxid":0,"pos":[-894.153442,-746.880432,135.105469],"rotationMatrix":[0.96548748,0.25895676,-0.0278448258,-0.259694129,0.965306282,-0.0272532832,0.0198213626,0.0335438438,0.999240696],"scale":0.860527158,"type":"tropical_plant_03_d"}
{"ctxid":0,"pos":[-902.735718,-698.394409,129.059525],"rotationMatrix":[-0.0599541664,0.952590227,-0.298290551,-0.953945994,-0.142669678,-0.263879508,-0.29392606,0.268732399,0.917273343],"scale":0.835362077,"type":"tropical_plant_03_d"}
{"ctxid":0,"pos":[-898.233093,-694.859863,129.830032],"rotationMatrix":[0.690516829,-0.603110313,0.399304956,0.649928093,0.759634376,0.0234334022,-0.317458659,0.243338361,0.916518629],"scale":0.84393841,"type":"tropical_plant_03_d"}
{"ctxid":0,"pos":[-898.094116,-690.903381,129.136063],"rotationMatrix":[0.277258813,0.953758359,-0.116069965,-0.957955956,0.265134513,-0.109653436,-0.073808752,0.141592309,0.987169623],"scale":0.848987818,"type":"tropical_plant_03_d"}
{"ctxid":0,"pos":[36.1703224,278.678986,290.491699],"rotationMatrix":[0.0975487083,-0.995230734,0,0.979359329,0.0959930569,-0.177878171,0.177029818,0.0173517857,0.984052539],"scale":0.894290745,"type":"tropical_plant_03_d"}
{"ctxid":0,"pos":[-763.770142,437.50824,125.852539],"rotationMatrix":[-0.227241069,0.973838568,0,-0.973838568,-0.227241069,0,0,0,1],"scale":0.874372423,"type":"tropical_plant_03_d"}
{"ctxid":1,"pos":[-781.958374,-791.904358,156.08493],"rotationMatrix":[0.943687379,0.330838382,0,-0.330838382,0.943687379,0,0,0,0.999999881],"scale":0.823266864,"type":"tropical_plant_03_d"}
{"ctxid":1,"pos":[-785.49939,-787.884338,157.132446],"rotationMatrix":[-0.962498009,-0.271288753,0,0.271288753,-0.962498009,0,0,0,0.999999881],"scale":0.89425832,"type":"tropical_plant_03_d"}
{"ctxid":1,"pos":[-796.582581,-777.925171,158.020477],"rotationMatrix":[-0.196399525,0.980523884,0,-0.980523884,-0.196399525,0,0,0,0.999999881],"scale":0.802054405,"type":"tropical_plant_03_d"}
{"ctxid":1,"pos":[-786.680786,-786.239258,157.257767],"rotationMatrix":[0.274231672,-0.961663544,0,0.961663544,0.274231672,0,0,0,0.999999881],"scale":0.875835717,"type":"tropical_plant_03_d"}
{"ctxid":1,"pos":[-778.583557,-797.441467,155.393631],"rotationMatrix":[0.849048734,-0.528314412,0,0.528314412,0.849048734,0,0,0,0.999999881],"scale":0.82270354,"type":"tropical_plant_03_d"}
