{"ctxid":0,"pos":[261.220795,-150.213318,159.869049],"rotationMatrix":[0.999526978,0.0307379887,0,-0.0307379887,0.999526978,0,0,0,1],"scale":0.784910738,"type":"tropical_plant_03_c"}
{"ctxid":0,"pos":[800.41803,929.76178,148.806549],"rotationMatrix":[-0.416064441,-0.909335136,0,0.909335136,-0.416064441,0,0,0,1],"scale":0.751185477,"type":"tropical_plant_03_c"}
{"ctxid":0,"pos":[801.676758,929.517273,148.977097],"rotationMatrix":[-0.469092369,0.883149147,0,-0.883149147,-0.469092369,0,0,0,1],"scale":0.711096644,"type":"tropical_plant_03_c"}
{"ctxid":0,"pos":[794.065979,951.122681,149.191391],"rotationMatrix":[0.615135729,-0.788421273,0,0.788421273,0.615135729,0,0,0,1],"scale":0.748864412,"type":"tropical_plant_03_c"}
{"ctxid":0,"pos":[811.36908,931.384155,156.344666],"rotationMatrix":[0.148620039,0.988894343,0,-0.988894343,0.148620039,0,0,0,1],"scale":0.882457018,"type":"tropical_plant_03_c"}
{"ctxid":0,"pos":[439.898346,-186.567642,163.474564],"rotationMatrix":[0.512805343,-0.858504772,0,0.858504772,0.512805343,0,0,0,1],"scale":0.636374652,"type":"tropical_plant_03_c"}
{"ctxid":0,"pos":[-636.449036,409.400391,129.86145],"rotationMatrix":[0.0219036043,0.999760032,0,-0.999760032,0.0219036043,0,0,0,1],"scale":0.607293785,"type":"tropical_plant_03_c"}
{"ctxid":0,"pos":[-669.777466,295.436829,129.86145],"rotationMatrix":[0.068893671,0.99762392,0,-0.99762392,0.068893671,0,0,0,1],"scale":0.548705161,"type":"tropical_plant_03_c"}
{"ctxid":0,"pos":[555.271118,786.977051,141.310333],"rotationMatrix":[-0.973485649,0.228048205,0.0178708807,-0.221594393,-0.959546685,0.173683137,0.0567560904,0.165117979,0.984639406],"scale":0.882091463,"type":"tropical_plant_03_c"}
{"ctxid":0,"pos":[557.624451,785.336914,141.847748],"rotationMatrix":[-0.568205595,0.821490943,0.0479053222,-0.8220523,-0.569287658,0.0118963178,0.037044622,-0.0326211229,0.998781025],"scale":0.805552423,"type":"tropical_plant_03_c"}
{"ctxid":0,"pos":[744.432678,784.970276,130.689484],"rotationMatrix":[-0.930010796,-0.367532223,0,0.367532223,-0.930010796,0,0,0,1],"scale":0.880498886,"type":"tropical_plant_03_c"}
{"ctxid":0,"pos":[639.768005,-26.9691925,132.397461],"rotationMatrix":[0.611353934,0.788832963,0.0631508529,-0.779234946,0.586155474,0.22184211,0.137980267,-0.184833527,0.973035395],"scale":0.749444783,"type":"tropical_plant_03_c"}
{"ctxid":0,"pos":[605.944702,70.2166977,130.732178],"rotationMatrix":[-0.136207208,-0.990680456,0,0.990680456,-0.136207208,0,0,0,1],"scale":0.745401919,"type":"tropical_plant_03_c"}
{"ctxid":0,"pos":[634.570923,30.700798,132.445816],"rotationMatrix":[0.951113701,0.308840126,0,-0.308840126,0.951113701,0,0,0,1],"scale":0.716558218,"type":"tropical_plant_03_c"}
{"ctxid":0,"pos":[625.784973,-23.1829376,135.721039],"rotationMatrix":[-0.809304714,0.587186873,0.0154132592,-0.584979296,-0.803332508,-0.111607134,-0.0531522669,-0.0993406102,0.993632853],"scale":0.804304123,"type":"tropical_plant_03_c"}
{"ctxid":0,"pos":[-914.392151,-19.0019627,129.353027],"rotationMatrix":[0.803293943,0.595583022,0,-0.595583022,0.803293943,0,0,0,1],"scale":0.865994096,"type":"tropical_plant_03_c"}
{"ctxid":0,"pos":[-913.251587,-17.1181393,133.242004],"rotationMatrix":[0.544240475,0.838929296,0,-0.838929296,0.544240475,0,0,0,1],"scale":0.847592592,"type":"tropical_plant_03_c"}
{"ctxid":0,"pos":[-894.446777,-743.953491,134.874023],"rotationMatrix":[0.938153327,-0.346205652,-0.00315307453,0.346055269,0.937949002,-0.0223018229,0.0106784413,0.0198313929,0.999746323],"scale":0.853441119,"type":"tropical_plant_03_c"}
{"ctxid":0,"pos":[-903.389771,-695.334717,128.236023],"rotationMatrix":[-0.992340684,-0.100759529,-0.0714653209,0.0926580057,-0.989733696,0.108819112,-0.0816962048,0.101363808,0.991489351],"scale":0.868340909,"type":"tropical_plant_03_c"}
{"ctxid":0,"pos":[-901.979309,-694.052551,128.360062],"rotationMatrix":[0.588638902,-0.807768047,0.0318563133,0.807876527,0.589216232,0.012632845,-0.0289746672,0.0182997882,0.999412596],"scale":0.846238613,"type":"tropical_plant_03_c"}
{"ctxid":0,"pos":[-899.372986,-693.162842,128.666443],"rotationMatrix":[0.943790019,0.322729766,0.0714554563,-0.309047401,0.938230276,-0.155607313,-0.117260791,0.124777496,0.985231161],"scale":0.832870305,"type":"tropical_plant_03_c"}
{"ctxid":0,"pos":[-107.467026,-795.548767,131.496109],"rotationMatrix":[-0.992659926,0.120935835,0,-0.120935835,-0.992659926,0,0,0,1],"scale":0.792376757,"type":"tropical_plant_03_c"}
{"ctxid":0,"pos":[-122.638657,-933.182556,124.609421],"rotationMatrix":[0.352286607,0.935892105,0,-0.935892105,0.352286607,0,0,0,1],"scale":0.846490145,"type":"tropical_plant_03_c"}
{"ctxid":0,"pos":[-844.139221,-504.458588,158.90654],"rotationMatrix":[0.824255824,-0.566217124,0,0.566217124,0.824255824,0,0,0,1],"scale":0.877542317,"type":"tropical_plant_03_c"}
{"ctxid":0,"pos":[35.0469971,278.459869,287.830505],"rotationMatrix":[0.102825575,-0.994659901,-0.00886516552,0.984400749,0.103036083,-0.142613918,0.14276576,0.0059374813,0.989738703],"scale":0.869655073,"type":"tropical_plant_03_c"}
{"ctxid":0,"pos":[-765.228333,438.347931,125.852547],"rotationMatrix":[-0.994434893,0.105351999,0,-0.105351999,-0.994434893,0,0,0,1],"scale":0.863438189,"type":"tropical_plant_03_c"}
{"ctxid":0,"pos":[-771.952881,437.975494,125.852547],"rotationMatrix":[-0.965278387,0.261222571,0,-0.261222571,-0.965278387,0,0,0,1],"scale":0.804337919,"type":"tropical_plant_03_c"}
{"ctxid":0,"pos":[12.6140776,636.828552,156.497192],"rotationMatrix":[0.0597416088,-0.998213887,0,0.998213887,0.0597416088,0,0,0,1],"scale":0.889908731,"type":"tropical_plant_03_c"}
{"ctxid":0,"pos":[66.909317,627.303223,156.57634],"rotationMatrix":[0.997475326,-0.0592579395,-0.0391335711,0.0641148388,0.988424122,0.137503132,0.0305324141,-0.139665008,0.989727974],"scale":0.840041935,"type":"tropical_plant_03_c"}
{"ctxid":1,"pos":[-783.752258,-790.538635,156.863266],"rotationMatrix":[0.062679328,-0.998033643,0,0.998033643,0.062679328,0,0,0,0.999999881],"scale":0.871306956,"type":"tropical_plant_03_c"}
{"ctxid":1,"pos":[-789.097839,-785.590881,157.602676],"rotationMatrix":[-0.560178578,-0.828371704,0,0.828371704,-0.560178578,0,0,0,0.999999881],"scale":0.801703095,"type":"tropical_plant_03_c"}
{"ctxid":1,"pos":[-789.25647,-780.675659,154.536591],"rotationMatrix":[0.131414801,-0.991327405,0,0.991327405,0.131414801,0,0,0,0.999999881],"scale":0.897585213,"type":"tropical_plant_03_c"}
{"ctxid":1,"pos":[-791.984497,-780.900208,156.768494],"rotationMatrix":[0.206567645,-0.978432238,0,0.978432238,0.206567645,0,0,0,0.999999881],"scale":0.775897741,"type":"tropical_plant_03_c"}
{"ctxid":1,"pos":[-790.912415,-785.165955,164.770599],"rotationMatrix":[-0.830433726,0.557117105,0,-0.557117105,-0.830433726,0,0,0,0.999999881],"scale":0.824207664,"type":"tropical_plant_03_c"}
{"ctxid":1,"pos":[-792.701843,-784.265076,166.253494],"rotationMatrix":[0.754593372,-0.656192601,0,0.656192601,0.754593372,0,0,0,0.999999881],"scale":0.793123722,"type":"tropical_plant_03_c"}
{"ctxid":1,"pos":[-776.745422,-798.832031,168.988312],"rotationMatrix":[0.893055201,-0.449946791,0,0.449946791,0.893055201,0,0,0,0.999999881],"scale":0.814059377,"type":"tropical_plant_03_c"}
