{"ctxid":1,"pos":[21.311264,196.915771,281.067627],"rotationMatrix":[1,0,0,0,1,0,0,0,1],"scale":1,"type":"ut_BBQ_roof_a"}
