{"ctxid":1,"pos":[20.272049,203.185959,280.950958],"rotationMatrix":[1,0,0,0,1,0,0,0,1],"scale":1,"type":"ut_big_BBQ"}
