{"ctxid":1,"pos":[64.7784882,541.215332,158.017563],"rotationMatrix":[0.686576962,0.72705704,0,-0.72705704,0.686576962,0,0,0,0.999999881],"scale":1,"type":"ut_car_overhead"}
{"ctxid":1,"pos":[-788.480652,-804.963013,158.593124],"rotationMatrix":[0.643942237,-0.765073895,0,0.765073895,0.643942237,0,0,0,0.999999881],"scale":1,"type":"ut_car_overhead"}
{"ctxid":1,"pos":[-798.26062,-813.994751,158.59314],"rotationMatrix":[0.655666769,-0.755050302,0,0.755050302,0.655666769,0,0,0,0.999999881],"scale":1,"type":"ut_car_overhead"}
{"ctxid":1,"pos":[346.44278,-175.131821,160.075516],"rotationMatrix":[0.77126503,0.636513829,0,-0.636513829,0.77126503,0,0,0,0.999999762],"scale":1,"type":"ut_car_overhead"}
{"ctxid":1,"pos":[351.555847,-181.417831,160.075119],"rotationMatrix":[0.790427268,0.612555802,0,-0.612555802,0.790427268,0,0,0,0.999999881],"scale":1,"type":"ut_car_overhead"}
{"ctxid":1,"pos":[358.238403,-189.845245,160.075439],"rotationMatrix":[1,0,0,0,1,0,0,0,1],"scale":1,"type":"ut_car_overhead"}
