{"ctxid":1,"pos":[17.1267529,201.393982,280.950958],"rotationMatrix":[-0.999854028,-0.0170716681,0,0.0170716681,-0.999854028,0,0,0,0.999999762],"scale":1,"type":"ut_caravan_a1"}
{"ctxid":1,"pos":[-830,-787,158.593124],"rotationMatrix":[-0.866025388,-0.499999821,0,0.499999821,-0.866025388,0,0,0,0.999999881],"scale":1,"type":"ut_caravan_a1"}
