{"ctxid":1,"pos":[19.0366745,202.719833,280.950928],"rotationMatrix":[-0.897498548,-0.441017359,0,0.441017359,-0.897498548,0,0,0,0.999999881],"scale":1,"type":"ut_camp_chair"}
