{"ctxid":1,"pos":[373.604492,-216.18428,159.991455],"rotationMatrix":[0.78059715,0.625033915,0,-0.625033915,0.78059715,0,0,0,0.999999762],"scale":1.38251138,"type":"ut_old_shed_v2"}
{"ctxid":1,"pos":[378.112762,-221.984741,159.991455],"rotationMatrix":[0.78059715,0.625033915,0,-0.625033915,0.78059715,0,0,0,0.999999762],"scale":1.38251138,"type":"ut_old_shed_v2"}
{"ctxid":1,"pos":[383.058899,-228.037109,159.991455],"rotationMatrix":[0.78059715,0.625033915,0,-0.625033915,0.78059715,0,0,0,0.999999762],"scale":1.38251138,"type":"ut_old_shed_v2"}
