{"ctxid":1,"pos":[-54.1651382,-826.754456,125.752106],"rotationMatrix":[0.944368243,-0.328888237,0,0.328888237,0.944368243,0,0,0,0.999999523],"scale":1,"type":"ut_race_mesh_barricade_curve"}
{"ctxid":1,"pos":[-109.72081,-931.294373,124.722328],"rotationMatrix":[-0.997695267,-0.00105190265,0.0678349659,0.0010494797,-0.999998689,-7.13558766e-05,0.0678349882,0,0.997695744],"scale":1,"type":"ut_race_mesh_barricade_curve"}
{"ctxid":1,"pos":[-84.9511795,-934.040039,124.223282],"rotationMatrix":[-0.186316833,-0.982488811,0,0.982488811,-0.186316833,0,0,0,0.999999046],"scale":1,"type":"ut_race_mesh_barricade_curve"}
