{"ctxid":1,"pos":[-53.9842453,-835.870483,126.556259],"rotationMatrix":[0.978091419,-0.208170205,-0.00135398551,0.205073148,0.96461761,-0.165702522,0.0358004197,0.161794633,0.986174285],"scale":1,"type":"ut_race_mesh_barricade_"}
{"ctxid":1,"pos":[-93.9378281,-935.465637,124.259125],"rotationMatrix":[0.0790794417,0.996868074,-0.000419549295,-0.996854067,0.0790805519,0.00528872479,0.00530533958,0,0.999985695],"scale":1,"type":"ut_race_mesh_barricade_"}
{"ctxid":1,"pos":[-103.019348,-934.350037,124.381447],"rotationMatrix":[0.167842373,0.985801041,-0.00492298603,-0.985377252,0.16791454,0.028902106,0.0293183923,0,0.999569297],"scale":1,"type":"ut_race_mesh_barricade_"}
