{"ctxid":1,"pos":[-789.072144,-801.007874,158.593124],"rotationMatrix":[0.604518056,-0.796591341,0,0.796591341,0.604518056,0,0,0,0.999999881],"scale":1,"type":"ut_toolbox"}
