{"ctxid":0,"pos":[12.2292929,560.557739,153.799072],"rotationMatrix":[-0.350085318,0.936717808,0,-0.936717808,-0.350085318,0,0,0,1],"scale":1,"type":"vine_wall_large"}
{"ctxid":0,"pos":[-701.750244,-181.404022,185.999466],"rotationMatrix":[-0.8298949,0.557919562,0,-0.557919562,-0.8298949,0,0,0,1],"scale":1,"type":"vine_wall_large"}
{"ctxid":0,"pos":[-703.319214,-180.901917,186.74646],"rotationMatrix":[-0.260152459,-0.965567589,0,0.965567589,-0.260152459,0,0,0,1],"scale":1,"type":"vine_wall_large"}
{"ctxid":0,"pos":[-700.426514,-181.152176,185.723587],"rotationMatrix":[-0.947832286,-0.318769395,0,0.318769395,-0.947832286,0,0,0,1],"scale":1,"type":"vine_wall_large"}
{"ctxid":0,"pos":[-681.014954,-153.28952,182.843948],"rotationMatrix":[-0.109132238,0.994027138,0,-0.994027138,-0.109132238,0,0,0,1],"scale":1,"type":"vine_wall_large"}
{"ctxid":0,"pos":[-677.250671,-151.181763,180.911743],"rotationMatrix":[0.930691481,0.365805089,0,-0.365805089,0.930691481,0,0,0,1],"scale":1,"type":"vine_wall_large"}
{"ctxid":0,"pos":[-681.149414,-151.107758,183.714539],"rotationMatrix":[-0.759671926,0.650306523,0,-0.650306523,-0.759671926,0,0,0,1],"scale":1,"type":"vine_wall_large"}
{"ctxid":0,"pos":[658.893494,37.1746025,128.446854],"rotationMatrix":[-0.290449142,0.956890345,0,-0.956890345,-0.290449142,0,0,0,1],"scale":1,"type":"vine_wall_large"}
{"ctxid":0,"pos":[611.521851,45.4518471,132.384659],"rotationMatrix":[-0.621387184,-0.783503771,0,0.783503771,-0.621387184,0,0,0,1],"scale":1,"type":"vine_wall_large"}
{"ctxid":0,"pos":[609.453308,3.59950328,128.91806],"rotationMatrix":[-0.0629888326,-0.998013794,0,0.998013794,-0.0629888326,0,0,0,1],"scale":1,"type":"vine_wall_large"}
{"ctxid":0,"pos":[-632.977478,296.835358,128.822342],"rotationMatrix":[0.962427855,0.27153784,0,-0.27153784,0.962427855,0,0,0,1],"scale":1,"type":"vine_wall_large"}
