{"ctxid":0,"pos":[781.927612,897.391724,150.893372],"rotationMatrix":[0.943921506,0.328694731,0.0311727859,-0.0307085197,-0.00660476414,0.999506533,0.328738511,-0.944413066,0.00385935791],"scale":0.80663234,"type":"vine01_wall_painting"}
{"ctxid":0,"pos":[779.852478,896.670959,151.313522],"rotationMatrix":[0.943921506,0.328694731,0.0311727859,-0.0307085197,-0.00660476414,0.999506533,0.328738511,-0.944413066,0.00385935791],"scale":0.879205287,"type":"vine01_wall_painting"}
{"ctxid":0,"pos":[816.462219,938.760742,159.432358],"rotationMatrix":[0.950604022,0.296111405,0.0931125656,-0.101352558,0.0125644151,0.994771302,0.293393284,-0.955070674,0.0419554412],"scale":1.16514683,"type":"vine01_wall_painting"}
{"ctxid":0,"pos":[658.613098,41.567791,135.339661],"rotationMatrix":[0.0871558636,-0.99619472,1.19209361e-07,-6.59592672e-07,6.19577705e-08,1,-0.99619472,-0.0871558636,-6.5168274e-07],"scale":1.06233859,"type":"vine01_wall_painting"}
{"ctxid":0,"pos":[-851.122925,776.669922,190.980499],"rotationMatrix":[0.999507844,0.0313680097,0,8.41355607e-09,-2.68088911e-07,1,0.0313680097,-0.999507844,-2.68220901e-07],"scale":1.03753591,"type":"vine01_wall_painting"}
{"ctxid":0,"pos":[-848.178284,776.76178,191.115173],"rotationMatrix":[0.999507844,0.0313680097,0,8.41355607e-09,-2.68088911e-07,1,0.0313680097,-0.999507844,-2.68220901e-07],"scale":0.841806591,"type":"vine01_wall_painting"}
{"ctxid":0,"pos":[-846.045044,776.823547,190.917709],"rotationMatrix":[0.999507844,0.0313680097,0,8.41355607e-09,-2.68088911e-07,1,0.0313680097,-0.999507844,-2.68220901e-07],"scale":0.981603265,"type":"vine01_wall_painting"}
{"ctxid":0,"pos":[-843.564758,776.905151,191.083115],"rotationMatrix":[0.999507844,0.0313680097,0,8.41355607e-09,-2.68088911e-07,1,0.0313680097,-0.999507844,-2.68220901e-07],"scale":0.831712782,"type":"vine01_wall_painting"}
{"ctxid":0,"pos":[-826.242371,765.294189,191.051575],"rotationMatrix":[-0.998595178,-0.0489807427,-0.0202107485,-0.0193800479,-0.0173758268,0.999661088,-0.0493153296,0.998648465,0.0164020956],"scale":0.92147541,"type":"vine01_wall_painting"}
{"ctxid":0,"pos":[-828.057129,765.198242,190.876801],"rotationMatrix":[-0.998595178,-0.0489807427,-0.0202107485,-0.0193800479,-0.0173758268,0.999661088,-0.0493153296,0.998648465,0.0164020956],"scale":0.901626945,"type":"vine01_wall_painting"}
{"ctxid":0,"pos":[-831.090698,765.05011,190.931198],"rotationMatrix":[-0.998595178,-0.0489807427,-0.0202107485,-0.0193800479,-0.0173758268,0.999661088,-0.0493153296,0.998648465,0.0164020956],"scale":1.05830801,"type":"vine01_wall_painting"}
{"ctxid":0,"pos":[-834.483582,764.938721,190.852341],"rotationMatrix":[-0.998595178,-0.0489807427,-0.0202107485,-0.0193800479,-0.0173758268,0.999661088,-0.0493153296,0.998648465,0.0164020956],"scale":1.02319932,"type":"vine01_wall_painting"}
{"ctxid":0,"pos":[-858.15625,801.658691,189.146683],"rotationMatrix":[-0.03858364,0.999255061,0,-0.076932475,-0.00297054742,0.997031808,0.996289134,0.0384691134,0.0769898295],"scale":1.02545631,"type":"vine01_wall_painting"}
{"ctxid":0,"pos":[-857.407837,793.68573,189.164062],"rotationMatrix":[-0.0777849555,0.996969879,0,-0.0767565444,-0.00598865002,0.997031808,0.994010746,0.0775540695,0.0769898295],"scale":0.901875496,"type":"vine01_wall_painting"}
{"ctxid":0,"pos":[-858.123535,798.587952,189.32341],"rotationMatrix":[-0.0143812653,0.999896407,0,-0.07698185,-0.00110721122,0.997031808,0.996928573,0.014338579,0.0769898295],"scale":0.855228007,"type":"vine01_wall_painting"}
{"ctxid":0,"pos":[-693.992615,403.407227,132.802338],"rotationMatrix":[-3.2584137e-07,1,0,2.68220901e-07,8.73974694e-14,1,1,3.2584137e-07,-2.68220901e-07],"scale":1.05114508,"type":"vine01_wall_painting"}
{"ctxid":0,"pos":[-693.992615,406.082611,132.886032],"rotationMatrix":[-3.2584137e-07,1,0,2.68220901e-07,8.73974694e-14,1,1,3.2584137e-07,-2.68220901e-07],"scale":0.849712908,"type":"vine01_wall_painting"}
{"ctxid":0,"pos":[-693.992615,407.213898,132.821671],"rotationMatrix":[-3.2584137e-07,1,0,2.68220901e-07,8.73974694e-14,1,1,3.2584137e-07,-2.68220901e-07],"scale":1.0017817,"type":"vine01_wall_painting"}
{"ctxid":0,"pos":[-693.992615,400.596558,132.799255],"rotationMatrix":[-3.2584137e-07,1,0,2.68220901e-07,8.73974694e-14,1,1,3.2584137e-07,-2.68220901e-07],"scale":1.04855692,"type":"vine01_wall_painting"}
{"ctxid":0,"pos":[-693.992615,409.47818,132.770584],"rotationMatrix":[-3.2584137e-07,1,0,2.68220901e-07,8.73974694e-14,1,1,3.2584137e-07,-2.68220901e-07],"scale":1.13130236,"type":"vine01_wall_painting"}
{"ctxid":0,"pos":[-693.992615,410.68045,132.478317],"rotationMatrix":[-3.2584137e-07,1,0,2.68220901e-07,8.73974694e-14,1,1,3.2584137e-07,-2.68220901e-07],"scale":0.892864585,"type":"vine01_wall_painting"}
{"ctxid":0,"pos":[-693.992615,412.46402,132.79335],"rotationMatrix":[-3.2584137e-07,1,0,2.68220901e-07,8.73974694e-14,1,1,3.2584137e-07,-2.68220901e-07],"scale":1.00389183,"type":"vine01_wall_painting"}
{"ctxid":0,"pos":[-693.992615,413.900421,132.545334],"rotationMatrix":[-3.2584137e-07,1,0,2.68220901e-07,8.73974694e-14,1,1,3.2584137e-07,-2.68220901e-07],"scale":1.17117488,"type":"vine01_wall_painting"}
{"ctxid":0,"pos":[-693.992615,419.788757,132.847397],"rotationMatrix":[-3.2584137e-07,1,0,2.68220901e-07,8.73974694e-14,1,1,3.2584137e-07,-2.68220901e-07],"scale":1.09675646,"type":"vine01_wall_painting"}
{"ctxid":0,"pos":[-693.992615,416.387482,132.791718],"rotationMatrix":[-3.2584137e-07,1,0,2.68220901e-07,8.73974694e-14,1,1,3.2584137e-07,-2.68220901e-07],"scale":1.19254184,"type":"vine01_wall_painting"}
{"ctxid":0,"pos":[-693.992615,417.431427,132.903442],"rotationMatrix":[-3.2584137e-07,1,0,2.68220901e-07,8.73974694e-14,1,1,3.2584137e-07,-2.68220901e-07],"scale":0.974400163,"type":"vine01_wall_painting"}
{"ctxid":0,"pos":[-719.959229,435.498383,135.245514],"rotationMatrix":[-0.99999994,-3.147386e-07,-8.43339549e-08,-8.43340402e-08,2.5331974e-07,0.99999994,-3.14738571e-07,0.999999881,-2.98023224e-07],"scale":1.17387354,"type":"vine01_wall_painting"}
{"ctxid":0,"pos":[-700.779419,435.554596,135.389145],"rotationMatrix":[-0.99999994,-3.147386e-07,-8.43339549e-08,-8.43340402e-08,2.5331974e-07,0.99999994,-3.14738571e-07,0.999999881,-2.98023224e-07],"scale":0.97339952,"type":"vine01_wall_painting"}
{"ctxid":0,"pos":[-713.746826,435.498383,135.351349],"rotationMatrix":[-0.99999994,-3.147386e-07,-8.43339549e-08,-8.43340402e-08,2.5331974e-07,0.99999994,-3.14738571e-07,0.999999881,-2.98023224e-07],"scale":0.944903433,"type":"vine01_wall_painting"}
{"ctxid":0,"pos":[-716.588379,435.498383,135.292847],"rotationMatrix":[-0.99999994,-3.147386e-07,-8.43339549e-08,-8.43340402e-08,2.5331974e-07,0.99999994,-3.14738571e-07,0.999999881,-2.98023224e-07],"scale":1.12392974,"type":"vine01_wall_painting"}
{"ctxid":0,"pos":[70.2789536,554.524658,159.549057],"rotationMatrix":[-0.699850142,-0.711757481,-0.060087882,-0.018810086,-0.0657289773,0.997659743,-0.714041829,0.699342966,0.0326121598],"scale":1.04998672,"type":"vine01_wall_painting"}
{"ctxid":1,"pos":[-788.646545,-786.662781,170.183426],"rotationMatrix":[0.99999994,0,0,0,0.99999994,0,0,0,0.999999881],"scale":0.855039299,"type":"vine01_wall_painting"}
{"ctxid":1,"pos":[-789.912842,-789.551331,165.129562],"rotationMatrix":[0.99999994,0,0,0,0.99999994,0,0,0,0.999999881],"scale":0.9404037,"type":"vine01_wall_painting"}
{"ctxid":1,"pos":[-783.848633,-791.906311,171.455078],"rotationMatrix":[0.99999994,0,0,0,0.99999994,0,0,0,0.999999881],"scale":1.1716888,"type":"vine01_wall_painting"}
{"ctxid":1,"pos":[-783.300842,-792.279907,175.835968],"rotationMatrix":[0.99999994,0,0,0,0.99999994,0,0,0,0.999999881],"scale":1.00040615,"type":"vine01_wall_painting"}
{"ctxid":1,"pos":[-788.367065,-791.716248,171.485458],"rotationMatrix":[0.99999994,0,0,0,0.99999994,0,0,0,0.999999881],"scale":0.91718936,"type":"vine01_wall_painting"}
{"ctxid":1,"pos":[-787.321045,-788.570496,170.967865],"rotationMatrix":[0.99999994,0,0,0,0.99999994,0,0,0,0.999999881],"scale":0.832625687,