{"ctxid":0,"pos":[326.38092,-199.371552,161.763596],"rotationMatrix":[-0.996724606,0.0808695704,0,-0.0808695704,-0.996724606,0,0,0,1],"scale":0.831005931,"type":"vine_fall_large"}
{"ctxid":0,"pos":[828.182312,926.125732,147.406464],"rotationMatrix":[0.993720233,-0.111893237,0,0.111893237,0.993720233,0,0,0,1],"scale":0.937752485,"type":"vine_fall_large"}
{"ctxid":0,"pos":[828.798279,925.263428,146.940414],"rotationMatrix":[0.333751261,0.942661226,0,-0.942661226,0.333751261,0,0,0,1],"scale":0.987365246,"type":"vine_fall_large"}
{"ctxid":0,"pos":[828.707336,926.996521,146.875443],"rotationMatrix":[0.955361426,0.295439601,0,-0.295439601,0.955361426,0,0,0,1],"scale":1.29233634,"type":"vine_fall_large"}
{"ctxid":0,"pos":[829.033081,926.32782,146.993103],"rotationMatrix":[0.658781826,0.752334118,0,-0.752334118,0.658781826,0,0,0,1],"scale":0.986871004,"type":"vine_fall_large"}
{"ctxid":0,"pos":[828.480591,926.460999,147.342529],"rotationMatrix":[0.706194162,0.708018363,0,-0.708018363,0.706194162,0,0,0,1],"scale":1.19630754,"type":"vine_fall_large"}
{"ctxid":0,"pos":[828.795288,926.48407,147.236267],"rotationMatrix":[0.582875609,0.812561512,0,-0.812561512,0.582875609,0,0,0,1],"scale":0.97661984,"type":"vine_fall_large"}
{"ctxid":0,"pos":[827.918091,925.418152,147.433731],"rotationMatrix":[-0.883669615,-0.468111098,0,0.468111098,-0.883669615,0,0,0,1],"scale":1.17290306,"type":"vine_fall_large"}
{"ctxid":0,"pos":[828.56781,925.280029,147.228745],"rotationMatrix":[-0.952500701,0.304536402,0,-0.304536402,-0.952500701,0,0,0,1],"scale":1.22309399,"type":"vine_fall_large"}
{"ctxid":0,"pos":[828.63678,925.910034,147.243225],"rotationMatrix":[0.269446999,0.963015258,0,-0.963015258,0.269446999,0,0,0,1],"scale":0.952028096,"type":"vine_fall_large"}
{"ctxid":0,"pos":[829.186951,926.779297,146.234314],"rotationMatrix":[0.633082509,0.774084389,0,-0.774084389,0.633082509,0,0,0,1],"scale":1.15993929,"type":"vine_fall_large"}
{"ctxid":0,"pos":[829.098572,926.552979,146.814682],"rotationMatrix":[-0.462705493,-0.886512101,0,0.886512101,-0.462705493,0,0,0,1],"scale":0.964784384,"type":"vine_fall_large"}
{"ctxid":0,"pos":[827.784424,926.084656,147.54071],"rotationMatrix":[-0.257698029,0.966225505,0,-0.966225505,-0.257698029,0,0,0,1],"scale":0.901096463,"type":"vine_fall_large"}
{"ctxid":0,"pos":[828.230835,925.754517,147.378784],"rotationMatrix":[0.720918536,-0.693019748,0,0.693019748,0.720918536,0,0,0,1],"scale":1.18840063,"type":"vine_fall_large"}
{"ctxid":0,"pos":[828.301758,926.93457,147.396072],"rotationMatrix":[-0.545174301,-0.838322759,0,0.838322759,-0.545174301,0,0,0,1],"scale":1.04448998,"type":"vine_fall_large"}
{"ctxid":0,"pos":[829.048218,925.753906,146.793884],"rotationMatrix":[-0.931921244,0.362660795,0,-0.362660795,-0.931921244,0,0,0,1],"scale":1.2885685,"type":"vine_fall_large"}
{"ctxid":0,"pos":[830.924988,940.603943,141.839172],"rotationMatrix":[0.963129282,0.269038856,0,-0.269038856,0.963129282,0,0,0,1],"scale":0.875851333,"type":"vine_fall_large"}
{"ctxid":0,"pos":[830.96582,940.218689,141.522095],"rotationMatrix":[-0.868716955,0.495308965,0,-0.495308965,-0.868716955,0,0,0,1],"scale":1.09156203,"type":"vine_fall_large"}
{"ctxid":0,"pos":[829.316223,948.518188,146.685272],"rotationMatrix":[-0.601663828,-0.798749506,0,0.798749506,-0.601663828,0,0,0,1],"scale":1.05895877,"type":"vine_fall_large"}
{"ctxid":0,"pos":[829.244446,947.914246,148.119583],"rotationMatrix":[-0.313387215,0.949625373,0,-0.949625373,-0.313387215,0,0,0,1],"scale":1.1981883,"type":"vine_fall_large"}
{"ctxid":0,"pos":[829.514893,948.00061,146.602417],"rotationMatrix":[0.664628386,-0.747174084,0,0.747174084,0.664628386,0,0,0,1],"scale":1.24942279,"type":"vine_fall_large"}
{"ctxid":0,"pos":[828.476624,947.149414,146.764832],"rotationMatrix":[0.605027735,-0.796204329,0,0.796204329,0.605027735,0,0,0,1],"scale":0.847913682,"type":"vine_fall_large"}
{"ctxid":0,"pos":[828.662048,946.289185,148.129807],"rotationMatrix":[-0.589216769,0.807974875,0,-0.807974875,-0.589216769,0,0,0,1],"scale":1.22503567,"type":"vine_fall_large"}
{"ctxid":0,"pos":[828.602234,946.70636,147.818466],"rotationMatrix":[-0.54897666,-0.835837662,0,0.835837662,-0.54897666,0,0,0,1],"scale":1.13200307,"type":"vine_fall_large"}
{"ctxid":0,"pos":[829.02478,946.127869,146.639359],"rotationMatrix":[-0.0627147034,0.998031437,0,-0.998031437,-0.0627147034,0,0,0,1],"scale":0.997313261,"type":"vine_fall_large"}
{"ctxid":0,"pos":[830.947754,933.277405,132.173721],"rotationMatrix":[-0.864696801,-0.502294123,0,0.502294123,-0.864696801,0,0,0,1],"scale":1.09297681,"type":"vine_fall_large"}
{"ctxid":0,"pos":[830.5047,933.04895,133.393021],"rotationMatrix":[0.725350976,0.688379347,0,-0.688379347,0.725350976,0,0,0,1],"scale":1.07571054,"type":"vine_fall_large"}
{"ctxid":0,"pos":[830.613586,932.474548,131.859802],"rotationMatrix":[-0.748786807,0.662810922,0,-0.662810922,-0.748786807,0,0,0,1],"scale":1.27365446,"type":"vine_fall_large"}
{"ctxid":0,"pos":[830.356323,934.76355,134.071899],"rotationMatrix":[0.545951664,-0.837816715,0,0.837816715,0.545951664,0,0,0,1],"scale":1.0400629,"type":"vine_fall_large"}
{"ctxid":0,"pos":[830.537903,934.524109,133.504807],"rotationMatrix":[0.309538513,-0.950886905,0,0.950886905,0.309538513,0,0,0,1],"scale":1.06164718,"type":"vine_fall_large"}
{"ctxid":0,"pos":[830.274719,933.946106,133.386703],"rotationMatrix":[0.392360508,-0.919811487,0,0.919811487,0.392360508,0,0,0,1],"scale":0.967061281,"type":"vine_fall_large"}
{"ctxid":0,"pos":[830.341614,935.618225,133.17775],"rotationMatrix":[0.671421051,-0.741075993,0,0.741075993,0.671421051,0,0,0,1],"scale":1.00604367,"type":"vine_fall_large"}
{"ctxid":0,"pos":[750.375305,944.49054,146.184433],"rotationMatrix":[-0.936264634,0.35129559,0,-0.35129559,-0.936264634,0,0,0,1],"scale":0.83724457,"type":"vine_fall_large"}
{"ctxid":0,"pos":[749.994934,945.513123,146.289215],"rotationMatrix":[-0.996979773,0.0776610523,0,-0.0776610523,-0.996979773,0,0,0,1],"scale":0.928100228,"type":"vine_fall_large"}
{"ctxid":0,"pos":[749.345215,945.722778,145.46933],"rotationMatrix":[0.840923905,-0.541153252,0,0.541153252,0.840923905,0,0,0,1],"scale":1.10227656,"type":"vine_fall_large"}
{"ctxid":0,"pos":[749.814087,944.968384,146.0345],"rotationMatrix":[0.886853635,-0.462050468,0,0.462050468,0.886853635,0,0,0,1],"scale":1.11042202,"type":"vine_fall_large"}
{"ctxid":0,"pos":[753.20813,790.728699,141.174438],"rotationMatrix":[0.715271831,0.698846459,0,-0.698846459,0.715271831,0,0,0,1],"scale":1.16184962,"type":"vine_fall_large"}
{"ctxid":0,"pos":[753.17157,791.231384,141.231659],"rotationMatrix":[-0.773045182,-0.634350896,0,0.634350896,-0.773045182,0,0,0,1],"scale":1.10015535,"type":"vine_fall_large"}
{"ctxid":0,"pos":[606.339294,39.0615654,144.168365],"rotationMatrix":[-0.122532234,-0.992464483,0,0.992464483,-0.122532234,0,0,0,1],"scale":1.09395862,"type":"vine_fall_large"}
{"ctxid":0,"pos":[-937.36792,-8.04105663,153.316254],"rotationMatrix":[-0.197421029,0.980318785,0,-0.980318785,-0.197421029,0,0,0,1],"scale":0.955181003,"type":"vine_fall_large"}
{"ctxid":0,"pos":[-937.768921,-7.92383814,153.027573],"rotationMatrix":[-0.931761384,-0.363071442,0,0.363071442,-0.931761384,0,0,0,1],"scale":1.03694594,"type":"vine_fall_large"}
{"ctxid":0,"pos":[-423.923645,52.0620613,177.652512],"rotationMatrix":[0.938617349,-0.344960004,0,0.344960004,0.938617349,0,0,0,1],"scale":0.825145006,"type":"vine_fall_large"}
{"ctxid":0,"pos":[-422.374603,52.81744,177.714066],"rotationMatrix":[-0.990652561,-0.136408865,0,0.136408865,-0.990652561,0,0,0,1],"scale":0.854797721,"type":"vine_fall_large"}
{"ctxid":0,"pos":[-422.638489,52.1881866,178.196075],"rotationMatrix":[-0.924981475,-0.380012453,0,0.380012453,-0.924981475,0,0,0,1],"scale":1.27691722,"type":"vine_fall_large"}
{"ctxid":0,"pos":[-425.441559,48.8902588,177.910614],"rotationMatrix":[0.275231451,-0.961377978,0,0.961377978,0.275231451,0,0,0,1],"scale":1.13806093,"type":"vine_fall_large"}
{"ctxid":0,"pos":[-425.714081,50.3255768,177.443848],