{"ctxid":0,"pos":[16.1315784,518.530579,157.998657],"rotationMatrix":[0.930019081,0.367511302,0,-0.367511302,0.930019081,0,0,0,1],"scale":0.985879898,"type":"vine_wall_medium"}
{"ctxid":0,"pos":[11.2694101,561.328552,158.162308],"rotationMatrix":[-0.826366901,0.563132048,0,-0.563132048,-0.826366901,0,0,0,1],"scale":0.948385656,"type":"vine_wall_medium"}
{"ctxid":0,"pos":[446.558167,-194.672485,160.336777],"rotationMatrix":[0.932653666,-0.360772938,0,0.360772938,0.932653666,0,0,0,1],"scale":1.06637704,"type":"vine_wall_medium"}
{"ctxid":0,"pos":[-34.1168976,-528.142578,131.31514],"rotationMatrix":[-0.609243572,-0.792983174,0,0.792983174,-0.609243572,0,0,0,1],"scale":1.01421821,"type":"vine_wall_medium"}
{"ctxid":0,"pos":[-32.8135223,-528.430786,131.332977],"rotationMatrix":[-0.574508369,0.818498731,0,-0.818498731,-0.574508369,0,0,0,1],"scale":0.815154612,"type":"vine_wall_medium"}
{"ctxid":0,"pos":[935.268311,-556.604431,128.806885],"rotationMatrix":[0.127802372,0.991799653,0,-0.991799653,0.127802372,0,0,0,1],"scale":1.02503872,"type":"vine_wall_medium"}
{"ctxid":0,"pos":[658.417969,40.7821274,130.808655],"rotationMatrix":[0.0922255889,-0.995738089,0,0.995738089,0.0922255889,0,0,0,1],"scale":0.837530911,"type":"vine_wall_medium"}
{"ctxid":0,"pos":[607.818054,-12.0320559,131.342133],"rotationMatrix":[-0.174325317,-0.984688103,0,0.984688103,-0.174325317,0,0,0,1],"scale":0.80546844,"type":"vine_wall_medium"}
{"ctxid":0,"pos":[613.690308,7.91703033,139.649887],"rotationMatrix":[0.90107429,-0.433664501,0,0.433664501,0.90107429,0,0,0,1],"scale":0.809257567,"type":"vine_wall_medium"}
{"ctxid":0,"pos":[620.161987,-8.46888161,132.397461],"rotationMatrix":[-0.996900737,0.0786665082,0,-0.0786665082,-0.996900737,0,0,0,1],"scale":1.1758095,"type":"vine_wall_medium"}
{"ctxid":0,"pos":[-834.669373,770.733459,191.644165],"rotationMatrix":[-0.950455427,0.310860991,0,-0.310860991,-0.950455427,0,0,0,1],"scale":0.801550388,"type":"vine_wall_medium"}
{"ctxid":0,"pos":[-860.679321,800.223083,189.831085],"rotationMatrix":[-0.930636764,-0.365944296,0,0.365944296,-0.930636764,0,0,0,1],"scale":1.13146448,"type":"vine_wall_medium"}
{"ctxid":0,"pos":[-862.593384,799.159851,189.831085],"rotationMatrix":[-0.137127712,0.99055326,0,-0.99055326,-0.137127712,0,0,0,1],"scale":0.81797111,"type":"vine_wall_medium"}
{"ctxid":0,"pos":[-632.499817,296.980713,129.86145],"rotationMatrix":[0.298966169,0.954263747,0,-0.954263747,0.298966169,0,0,0,1],"scale":1.01018524,"type":"vine_wall_medium"}
{"ctxid":0,"pos":[-698.45575,398.215759,128.737152],"rotationMatrix":[-0.890297472,-0.455379546,0,0.455379546,-0.890297472,0,0,0,1],"scale":0.990096569,"type":"vine_wall_medium"}
{"ctxid":0,"pos":[-635.608887,297.171967,129.86145],"rotationMatrix":[-0.322167337,0.946682692,0,-0.946682692,-0.322167337,0,0,0,1],"scale":0.869993627,"type":"vine_wall_medium"}
{"ctxid":0,"pos":[-636.09906,297.051788,129.86145],"rotationMatrix":[0.784740984,-0.619823933,0,0.619823933,0.784740984,0,0,0,1],"scale":0.860586703,"type":"vine_wall_medium"}
{"ctxid":0,"pos":[-633.715576,297.177551,129.86145],"rotationMatrix":[-0.526222646,-0.850346863,0,0.850346863,-0.526222646,0,0,0,1],"scale":1.19610536,"type":"vine_wall_medium"}
{"ctxid":0,"pos":[2.68133783,612.537903,159.351654],"rotationMatrix":[0.856582522,-0.516010046,0,0.516010046,0.856582522,0,0,0,1],"scale":1.19820595,"type":"vine_wall_medium"}
{"ctxid":1,"pos":[-824.787048,-754.25415,164.487],"rotationMatrix":[0.994252384,-0.107060887,0,0.107060887,0.994252384,0,0,0,0.999999881],"scale":1.04166508,"type":"vine_wall_medium"}
