{"ctxid":0,"pos":[609.646851,2.31675458,135.760178],"rotationMatrix":[-0.0396326482,0.999214411,0,-0.999214411,-0.0396326482,0,0,0,1],"scale":0.777181566,"type":"vine_side_2m"}
{"ctxid":0,"pos":[-825.801025,766.877136,186.99855],"rotationMatrix":[0.0388568863,-0.99924475,0,0.99924475,0.0388568863,0,0,0,1],"scale":0.926690817,"type":"vine_side_2m"}
{"ctxid":0,"pos":[-823.3927,767.167297,185.064819],"rotationMatrix":[-0.770684123,-0.637217462,0,0.637217462,-0.770684123,0,0,0,1],"scale":0.846709251,"type":"vine_side_2m"}
{"ctxid":0,"pos":[-836.947937,780.15625,192.769882],"rotationMatrix":[-0.997755647,-0.0669572651,0,0.0669572651,-0.997755647,0,0,0,1],"scale":0.794062793,"type":"vine_side_2m"}
{"ctxid":0,"pos":[-858.35437,797.418823,190.965652],"rotationMatrix":[0.0375886112,-0.999293268,0,0.999293268,0.0375886112,0,0,0,1],"scale":0.835253179,"type":"vine_side_2m"}
{"ctxid":0,"pos":[-725.169006,429.285492,137.401855],"rotationMatrix":[-0.512843668,-0.858482063,0,0.858482063,-0.512843668,0,0,0,1],"scale":0.743047714,"type":"vine_side_2m"}
