{"ctxid":0,"pos":[444.615845,-191.803879,166.335114],"rotationMatrix":[0.587366402,-0.809321225,0,0.809321225,0.587366402,0,0,0,1],"scale":0.765530348,"type":"vine_side_8m"}
{"ctxid":0,"pos":[449.673279,-187.763992,166.425034],"rotationMatrix":[0.503170252,0.8641873,0,-0.8641873,0.503170252,0,0,0,1],"scale":0.90382266,"type":"vine_side_8m"}
{"ctxid":0,"pos":[342.973145,-201.679794,173.777893],"rotationMatrix":[-0.819519281,0.570116937,0.0579214245,-0.571075678,-0.82089746,0,0.047547549,-0.0330775157,0.998321116],"scale":0.988373399,"type":"vine_side_8m"}
{"ctxid":0,"pos":[658.386169,40.3766518,139.326996],"rotationMatrix":[-0.08402998,0.996463299,0,-0.996463299,-0.08402998,0,0,0,1],"scale":0.739610791,"type":"vine_side_8m"}
{"ctxid":0,"pos":[650.674072,37.2341461,142.208557],"rotationMatrix":[-0.997839093,-0.063276805,-0.0177014321,0.0632867217,-0.997995496,0,-0.0176659673,-0.00112026557,0.999843299],"scale":0.877610981,"type":"vine_side_8m"}
{"ctxid":0,"pos":[631.421509,39.3643646,143.139725],"rotationMatrix":[-0.996115625,-0.088053517,0,0.088053517,-0.996115625,0,0,0,1],"scale":0.867094994,"type":"vine_side_8m"}
{"ctxid":0,"pos":[630.529175,52.1724243,139.443207],"rotationMatrix":[0.9953565,0.0962567627,0,-0.0962567627,0.9953565,0,0,0,1],"scale":0.914036393,"type":"vine_side_8m"}
{"ctxid":0,"pos":[622.757812,-9.24698353,139.386246],"rotationMatrix":[0.965235591,-0.261381596,0,0.261381596,0.965235591,0,0,0,1],"scale":0.80045557,"type":"vine_side_8m"}
{"ctxid":0,"pos":[624.423523,-12.3399897,139.190689],"rotationMatrix":[-0.570295811,-0.821439445,0,0.821439445,-0.570295811,0,0,0,1],"scale":0.752864718,"type":"vine_side_8m"}
{"ctxid":0,"pos":[-839.791199,780.122559,192.742523],"rotationMatrix":[-0.999069452,-0.0431288853,0,0.0431288853,-0.999069452,0,0,0,1],"scale":0.568017244,"type":"vine_side_8m"}
{"ctxid":0,"pos":[-634.419495,324.438721,139.524567],"rotationMatrix":[-0.51746583,-0.852597415,-0.0728438497,0.841966689,-0.522502661,0.134471714,-0.152711391,0.00825246423,0.988236368],"scale":0.756632626,"type":"vine_side_8m"}
{"ctxid":0,"pos":[-638.224487,335.013184,138.640671],"rotationMatrix":[0.984567165,0.0541747287,0.166410834,-0.0539691001,0.998525977,-0.00576088112,-0.16647765,-0.0033090692,0.986039698],"scale":0.824230194,"type":"vine_side_8m"}
{"ctxid":0,"pos":[-724.487854,431.256317,136.998978],"rotationMatrix":[0.147056952,-0.989128053,0,0.989128053,0.147056952,0,0,0,1],"scale":0.986646771,"type":"vine_side_8m"}
