{"ctxid":0,"pos":[812.038269,944.420288,163.816559],"rotationMatrix":[-0.962958992,0.269647807,0,-0.269647807,-0.962958992,0,0,0,1],"scale":0.854212642,"type":"vine_ground_small"}
{"ctxid":0,"pos":[816.389526,939.367615,156.434601],"rotationMatrix":[-0.997398198,-0.0720892251,0,0.0720892251,-0.997398198,0,0,0,1],"scale":0.808131337,"type":"vine_ground_small"}
{"ctxid":0,"pos":[792.473572,905.467224,155.116272],"rotationMatrix":[-0.99588418,0.0906350538,0,-0.0906350538,-0.99588418,0,0,0,1],"scale":0.855365634,"type":"vine_ground_small"}
{"ctxid":0,"pos":[657.135742,42.1017151,136.050812],"rotationMatrix":[0.958710194,-0.284384012,0,0.284384012,0.958710194,0,0,0,1],"scale":0.937838674,"type":"vine_ground_small"}
{"ctxid":0,"pos":[647.66748,36.5644455,142.300537],"rotationMatrix":[-0.303722709,0.952760458,0,-0.952760458,-0.303722709,0,0,0,1],"scale":0.956536114,"type":"vine_ground_small"}
{"ctxid":0,"pos":[647.308533,35.7122841,142.300537],"rotationMatrix":[0.613987803,0.789315522,0,-0.789315522,0.613987803,0,0,0,1],"scale":0.833294749,"type":"vine_ground_small"}
{"ctxid":0,"pos":[640.372681,41.0272903,139.649887],"rotationMatrix":[-0.653410733,0.757003307,0,-0.757003307,-0.653410733,0,0,0,1],"scale":0.842171133,"type":"vine_ground_small"}
{"ctxid":0,"pos":[645.703308,43.6591072,139.649872],"rotationMatrix":[-0.804704249,0.593675733,0,-0.593675733,-0.804704249,0,0,0,1],"scale":0.803065479,"type":"vine_ground_small"}
{"ctxid":0,"pos":[634.391663,39.5775414,143.265671],"rotationMatrix":[-0.198041737,0.980193496,0,-0.980193496,-0.198041737,0,0,0,1],"scale":0.992451727,"type":"vine_ground_small"}
{"ctxid":0,"pos":[630.189575,44.8159981,143.204285],"rotationMatrix":[-0.0358879641,-0.999355853,0,0.999355853,-0.0358879641,0,0,0,1],"scale":0.968030155,"type":"vine_ground_small"}
{"ctxid":0,"pos":[643.302979,53.1805687,137.039703],"rotationMatrix":[-0.0814034119,-0.996681333,0,0.996681333,-0.0814034119,0,0,0,1],"scale":0.877071857,"type":"vine_ground_small"}
{"ctxid":0,"pos":[628.103516,38.1575813,143.265671],"rotationMatrix":[0.993126988,0.117041901,0,-0.117041901,0.993126988,0,0,0,1],"scale":0.812202215,"type":"vine_ground_small"}
{"ctxid":0,"pos":[-832.395447,771.335815,191.644165],"rotationMatrix":[-0.514762223,-0.857333064,0,0.857333064,-0.514762223,0,0,0,1],"scale":0.864869952,"type":"vine_ground_small"}
{"ctxid":0,"pos":[-832.894287,770.334961,191.644165],"rotationMatrix":[-0.392390996,-0.919798613,0,0.919798613,-0.392390996,0,0,0,1],"scale":0.996101439,"type":"vine_ground_small"}
{"ctxid":0,"pos":[-833.669067,766.977478,191.612488],"rotationMatrix":[0.753583908,-0.657351613,0,0.657351613,0.753583908,0,0,0,1],"scale":0.831950903,"type":"vine_ground_small"}
{"ctxid":0,"pos":[-832.766357,767.122009,191.610321],"rotationMatrix":[0.598190188,-0.80135411,0,0.80135411,0.598190188,0,0,0,1],"scale":0.904655933,"type":"vine_ground_small"}
{"ctxid":0,"pos":[-832.934937,766.565125,191.624283],"rotationMatrix":[0.982114851,-0.188282669,0,0.188282669,0.982114851,0,0,0,1],"scale":0.868132949,"type":"vine_ground_small"}
{"ctxid":0,"pos":[-833.355103,770.228149,191.591492],"rotationMatrix":[0.0815530568,-0.996668935,0,0.996668935,0.0815530568,0,0,0,1],"scale":0.86391449,"type":"vine_ground_small"}
{"ctxid":0,"pos":[-830.35199,768.539795,191.640182],"rotationMatrix":[-0.597911358,-0.801562309,0,0.801562309,-0.597911358,0,0,0,1],"scale":0.846110106,"type":"vine_ground_small"}
{"ctxid":0,"pos":[-829.505127,769.151306,191.600494],"rotationMatrix":[-0.373867393,-0.927482128,0,0.927482128,-0.373867393,0,0,0,1],"scale":0.938973606,"type":"vine_ground_small"}
{"ctxid":0,"pos":[-634.801147,294.719604,129.86145],"rotationMatrix":[-0.906728327,0.421715051,0,-0.421715051,-0.906728327,0,0,0,1],"scale":0.971692681,"type":"vine_ground_small"}
{"ctxid":0,"pos":[-634.479126,292.567078,129.86145],"rotationMatrix":[0.518001497,-0.855379581,0,0.855379581,0.518001497,0,0,0,1],"scale":0.990233123,"type":"vine_ground_small"}
{"ctxid":0,"pos":[-631.642517,292.741455,129.86145],"rotationMatrix":[-0.398702174,0.917080402,0,-0.917080402,-0.398702174,0,0,0,1],"scale":0.908426881,"type":"vine_ground_small"}
{"ctxid":0,"pos":[-631.791443,293.270996,129.86145],"rotationMatrix":[0.646347046,-0.763043523,0,0.763043523,0.646347046,0,0,0,1],"scale":0.918189228,"type":"vine_ground_small"}
{"ctxid":0,"pos":[-632.688782,292.030884,129.86145],"rotationMatrix":[-0.314851254,0.949140966,0,-0.949140966,-0.314851254,0,0,0,1],"scale":0.871642947,"type":"vine_ground_small"}
{"ctxid":0,"pos":[-633.815063,294.485748,129.86145],"rotationMatrix":[0.400851339,-0.91614306,0,0.91614306,0.400851339,0,0,0,1],"scale":0.993938029,"type":"vine_ground_small"}
{"ctxid":0,"pos":[-631.773071,295.565338,129.86145],"rotationMatrix":[0.85007298,0.526664972,0,-0.526664972,0.85007298,0,0,0,1],"scale":0.842791319,"type":"vine_ground_small"}
{"ctxid":0,"pos":[-634.161072,292.946411,129.86145],"rotationMatrix":[0.852586865,0.522585273,0,-0.522585273,0.852586865,0,0,0,1],"scale":0.853223562,"type":"vine_ground_small"}
{"ctxid":0,"pos":[-644.497131,364.279816,137.66568],"rotationMatrix":[-0.152273417,0.987969398,-0.027000539,-0.973553896,-0.154647112,-0.168156832,-0.170309395,0.00068064034,0.985390425],"scale":0.87838912,"type":"vine_ground_small"}
{"ctxid":0,"pos":[-644.406189,367.807373,137.67894],"rotationMatrix":[-0.156096935,0.987354159,-0.0276606083,-0.972948074,-0.158527374,-0.168049484,-0.17030935,0.000680282712,0.985390425],"scale":0.808790505,"type":"vine_ground_small"}
{"ctxid":0,"pos":[-644.625854,370.614777,137.639038],"rotationMatrix":[0.522442043,0.847942352,0.089710556,-0.835493207,0.530087948,-0.144767955,-0.170309365,0.000680282712,0.985390425],"scale":0.967478871,"type":"vine_ground_small"}
{"ctxid":0,"pos":[-644.565796,365.133911,137.653198],"rotationMatrix":[-0.0849744081,0.996264458,-0.015374653,-0.981719851,-0.0863513947,-0.169615358,-0.170309395,0.000680632889,0.985390425],"scale":0.864904702,"type":"vine_ground_small"}
{"ctxid":0,"pos":[-639.908142,362.760742,129.86145],"rotationMatrix":[0.680757642,-0.732508719,0,0.732508719,0.680757642,0,0,0,1],"scale":0.870559692,"type":"vine_ground_small"}
{"ctxid":0,"pos":[-635.065979,359.555786,139.319092],"rotationMatrix":[0.186010003,0.981434762,0.0467528254,-0.967935741,0.191211879,-0.162905663,-0.168821007,-0.0149516687,0.985533297],"scale":0.833475649,"type":"vine_ground_small"}
{"ctxid":0,"pos":[-644.198486,355.118469,137.735794],"rotationMatrix":[-0.891638637,-0.424681216,-0.1569269,0.4181225,-0.90534246,0.0743515342,-0.173648328,0.000680036843,0.984807491],"scale":0.864013672,"type":"vine_ground_small"}
{"ctxid":0,"pos":[-638.975281,353.398956,138.631653],"rotationMatrix":[0.309665918,0.949516416,0.0502544157,-0.936904311,0.313716471,-0.154246837,-0.162225544,0.000681377947,0.986753464],"scale":0.929145694,"type":"vine_ground_small"}
{"ctxid":0,"pos":[-646.639404,339.496948,137.31459],"rotationMatrix":[0.917983234,-0.362591654,0.160729662,0.357284158,0.931947887,0.0618158877,-0.172205582,0.000680213794,0.985060811],"scale":0.920540571,"type":"vine_ground_small"}
{"ctxid":0,"pos":[-638.92926,351.889893,138.640259],"rotationMatrix":[0.525725007,-0.84619236,0.0870152488,0.835042477,0.532877088,0.136915818,-0.162225544,0.000681385398,0.986753464],"scale":0.818214715,"type":"vine_ground_small"}
{"ctxid":0,"pos":[-640.518066,353.740448,138.377792],"rotationMatrix":[-0.221991897,-0.97439003,-0.0358233824,0.961458325,-0.224862695,0.158222228,-0.162225544,0.000681377947,0.986753464],"scale":0.816512048,"type":"vine_ground_small"}
{"ctxid":0,"pos":[-645.122437,354.990601,137.572968],"rotationMatrix":[-0.377439857,0.923593044,-0.0671907067,-0.909607053,-0.383373141,-0.160123736,-0.173648313,0.000680036843,0.984807491],"scale":0.907320559,"type":"vine_ground_small"}
{"ctxid":0,"pos":[-632.596802,319.789276,139.859055],"rotationMatrix":[-0.0668658018,0.997687161,-0.0122019872,-0.98326844,-0.0679664612,-0.169007093,-0.169445574,0.000696994364,0.985539317],"scale":0.871272922,