{"ctxid":0,"pos":[800.728333,928.979431,154.362686],"rotationMatrix":[-0.283446491,-0.955530643,-0.0813573822,-0.0179071091,-0.0795482099,0.996670187,-0.958820879,0.283959657,0.00543687493],"scale":1.09355211,"type":"vine03_wall_painting"}
{"ctxid":0,"pos":[801.003479,929.908142,154.392883],"rotationMatrix":[-0.283446491,-0.955530643,-0.0813573822,-0.0179071091,-0.0795482099,0.996670187,-0.958820879,0.283959657,0.00543687493],"scale":0.87210691,"type":"vine03_wall_painting"}
{"ctxid":0,"pos":[446.367615,-194.36763,160.383499],"rotationMatrix":[0.5,-0.866025329,5.16191356e-08,0,5.96046448e-08,0.99999994,-0.866025388,-0.49999997,2.98023224e-08],"scale":0.931471229,"type":"vine03_wall_painting"}
{"ctxid":0,"pos":[-719.88269,415.078735,121.640259],"rotationMatrix":[1,0,0,0,-3.2584137e-07,1,0,-1,-3.2584137e-07],"scale":1.09410906,"type":"vine03_wall_painting"}
{"ctxid":0,"pos":[-722.608093,415.078735,120.6008],"rotationMatrix":[1,0,0,0,-3.2584137e-07,1,0,-1,-3.2584137e-07],"scale":1.11994064,"type":"vine03_wall_painting"}
{"ctxid":0,"pos":[-720.468445,415.078735,120.160553],"rotationMatrix":[1,0,0,0,-3.2584137e-07,1,0,-1,-3.2584137e-07],"scale":0.879778922,"type":"vine03_wall_painting"}
{"ctxid":0,"pos":[-718.394226,415.078735,121.303406],"rotationMatrix":[1,0,0,0,-3.2584137e-07,1,0,-1,-3.2584137e-07],"scale":0.963450193,"type":"vine03_wall_painting"}
{"ctxid":0,"pos":[-718.419434,415.078735,120.510834],"rotationMatrix":[1,0,0,0,-3.2584137e-07,1,0,-1,-3.2584137e-07],"scale":1.17337906,"type":"vine03_wall_painting"}
{"ctxid":0,"pos":[-717.009705,415.078735,123.806664],"rotationMatrix":[1,0,0,0,-3.2584137e-07,1,0,-1,-3.2584137e-07],"scale":0.965254664,"type":"vine03_wall_painting"}
{"ctxid":0,"pos":[-716.001282,415.078735,122.07473],"rotationMatrix":[1,0,0,0,-3.2584137e-07,1,0,-1,-3.2584137e-07],"scale":0.978879929,"type":"vine03_wall_painting"}
{"ctxid":0,"pos":[-713.288208,415.078735,123.870811],"rotationMatrix":[1,0,0,0,-3.2584137e-07,1,0,-1,-3.2584137e-07],"scale":1.12355447,"type":"vine03_wall_painting"}
{"ctxid":0,"pos":[-712.027039,415.078735,122.157646],"rotationMatrix":[1,0,0,0,-3.2584137e-07,1,0,-1,-3.2584137e-07],"scale":0.871148527,"type":"vine03_wall_painting"}
{"ctxid":0,"pos":[-713.951843,415.078735,122.334404],"rotationMatrix":[1,0,0,0,-3.2584137e-07,1,0,-1,-3.2584137e-07],"scale":1.03812468,"type":"vine03_wall_painting"}
{"ctxid":0,"pos":[-712.383667,415.078735,122.247002],"rotationMatrix":[1,0,0,0,-3.2584137e-07,1,0,-1,-3.2584137e-07],"scale":0.938372731,"type":"vine03_wall_painting"}
{"ctxid":0,"pos":[-712.664246,415.078735,121.443054],"rotationMatrix":[1,0,0,0,-3.2584137e-07,1,0,-1,-3.2584137e-07],"scale":0.907338142,"type":"vine03_wall_painting"}
{"ctxid":0,"pos":[-720.769348,415.078735,123.812218],"rotationMatrix":[1,0,0,0,-3.2584137e-07,1,0,-1,-3.2584137e-07],"scale":1.14673936,"type":"vine03_wall_painting"}
{"ctxid":0,"pos":[-723.519775,415.078735,124.001427],"rotationMatrix":[1,0,0,0,-3.2584137e-07,1,0,-1,-3.2584137e-07],"scale":0.991554618,"type":"vine03_wall_painting"}
{"ctxid":0,"pos":[-721.218872,415.078735,120.726593],"rotationMatrix":[1,0,0,0,-3.2584137e-07,1,0,-1,-3.2584137e-07],"scale":0.864777386,"type":"vine03_wall_painting"}
{"ctxid":0,"pos":[-721.914124,415.078735,120.911041],"rotationMatrix":[1,0,0,0,-3.2584137e-07,1,0,-1,-3.2584137e-07],"scale":0.964520395,"type":"vine03_wall_painting"}
{"ctxid":0,"pos":[-723.174927,415.078735,119.982239],"rotationMatrix":[1,0,0,0,-3.2584137e-07,1,0,-1,-3.2584137e-07],"scale":1.16493499,"type":"vine03_wall_painting"}
{"ctxid":0,"pos":[-723.826965,415.078735,120.976807],"rotationMatrix":[1,0,0,0,-3.2584137e-07,1,0,-1,-3.2584137e-07],"scale":1.16302168,"type":"vine03_wall_painting"}
{"ctxid":0,"pos":[-726.395508,415.078735,123.102989],"rotationMatrix":[1,0,0,0,-3.2584137e-07,1,0,-1,-3.2584137e-07],"scale":1.15515649,"type":"vine03_wall_painting"}
{"ctxid":0,"pos":[-727.531982,415.078735,122.190331],"rotationMatrix":[1,0,0,0,-3.2584137e-07,1,0,-1,-3.2584137e-07],"scale":1.16750216,"type":"vine03_wall_painting"}
{"ctxid":0,"pos":[-729.340149,415.078735,122.521507],"rotationMatrix":[1,0,0,0,-3.2584137e-07,1,0,-1,-3.2584137e-07],"scale":0.834245384,"type":"vine03_wall_painting"}
{"ctxid":0,"pos":[-730.591736,415.078735,122.219017],"rotationMatrix":[1,0,0,0,-3.2584137e-07,1,0,-1,-3.2584137e-07],"scale":0.87191242,"type":"vine03_wall_painting"}
{"ctxid":0,"pos":[-731.015503,415.078735,121.429077],"rotationMatrix":[1,0,0,0,-3.2584137e-07,1,0,-1,-3.2584137e-07],"scale":1.16871369,"type":"vine03_wall_painting"}
{"ctxid":0,"pos":[-729.391846,415.078735,121.512726],"rotationMatrix":[1,0,0,0,-3.2584137e-07,1,0,-1,-3.2584137e-07],"scale":1.18093789,"type":"vine03_wall_painting"}
{"ctxid":0,"pos":[70.033989,554.625793,157.15451],"rotationMatrix":[-0.699776411,-0.714356244,-0.00274548307,0.0213766824,-0.0247816928,0.999463856,-0.714041829,0.699342966,0.0326121598],"scale":0.878255367,"type":"vine03_wall_painting"}
{"ctxid":0,"pos":[70.9891281,555.854126,153.914764],"rotationMatrix":[-0.699985623,-0.713999629,-0.0149721727,0.0128144007,-0.0335188806,0.999355435,-0.714041829,0.699342966,0.0326121598],"scale":1.16673875,"type":"vine03_wall_painting"}
{"ctxid":1,"pos":[-791.986206,-783.195129,165.280334],"rotationMatrix":[0.99999994,0,0,0,0.99999994,0,0,0,0.999999881],"scale":1.10263979,"type":"vine03_wall_painting"}
{"ctxid":1,"pos":[-790.294861,-783.730957,164.733582],"rotationMatrix":[0.99999994,0,0,0,0.99999994,0,0,0,0.999999881],"scale":0.884656727,"type":"vine03_wall_painting"}
{"ctxid":1,"pos":[-788.374878,-784.615234,160.140503],"rotationMatrix":[0.99999994,0,0,0,0.99999994,0,0,0,0.999999881],"scale":0.843197763,"type":"vine03_wall_painting"}
{"ctxid":1,"pos":[-789.263,-788.083069,160.201447],"rotationMatrix":[0.99999994,0,0,0,0.99999994,0,0,0,0.999999881],"scale":0.810417652,"type":"vine03_wall_painting"}
{"ctxid":1,"pos":[-782.900085,-795.113525,168.22467],"rotationMatrix":[0.99999994,0,0,0,0.99999994,0,0,0,0.999999881],"scale":0.819781244,"type":"vine03_wall_painting"}
{"ctxid":1,"pos":[-784.313904,-792.836609,167.954041],"rotationMatrix":[0.99999994,0,0,0,0.99999994,0,0,0,0.999999881],"scale":0.998502135,"type":"vine03_wall_painting"}
{"ctxid":1,"pos":[-781.563599,-795.561707,172.191452],"rotationMatrix":[0.99999994,0,0,0,0.99999994,0,0,0,0.999999881],"scale":0.927369595,"type":"vine03_wall_painting"}
{"ctxid":1,"pos":[-786.516418,-789.018982,176.468063],"rotationMatrix":[0.99999994,0,0,0,0.99999994,0,0,0,0.999999881],"scale":0.958423018,"type":"vine03_wall_painting"}
{"ctxid":1,"pos":[-787.201843,-787.599915,171.781906],"rotationMatrix":[0.99999994,0,0,0,0.99999994,0,0,0,0.999999881],"scale":0.940123379,"type":"vine03_wall_painting"}
{"ctxid":1,"pos":[-787.303772,-792.504089,176.019379],"rotationMatrix":[0.99999994,0,0,0,0.99999994,0,0,0,0.999999881],"scale":0.920508027,"type":"vine03_wall_painting"}
{"ctxid":1,"pos":[-786.981567,-792.5271,178.97702],"rotationMatrix":[0.99999994,0,0,0,0.99999994,0,0,0,0.999999881],"scale":1.12796223,"type":"vine03_wall_painting"}
{"ctxid":1,"pos":[-788.530884,-792.527466,178.712128],"rotationMatrix":[0.99999994,0,0,0,0.99999994,0,0,0,0.999999881],"scale":0.821145296,"type":"vine03_wall_painting"}
{"ctxid":1,"pos":[-787.956116,-791.916016,178.860962],"rotationMatrix":[0.99999994,0,0,0,0.99999994,0,0,0,0.999999881],"scale":0.947655797,"type":"vine03_wall_painting"}
{"ctxid":1,"pos":[-780.059204,-796.631897,180.858322],"rotationMatrix":[0.99999994,0,0,0,0.99999994,0,0,0,0.999999881],"scale":1.00618815,"type":"vine03_wall_painting"}
{"ctxid":1,"pos":[-781.720764,-799.008362,178.284912],"rotationMatrix":[0.99999994,0,0,0,0.99999994,0,0,0,0.999999881],"scale":0.994674325,"type":"vine03_wall_painting"}
{"ctxid":1,"pos":[-786.547791,-797.255676,178.251068],"rotationMatrix":[0.99999994,0,0,0,0.99999994,0,0,0,0.999999881],"scale":1.03272223,"type":"vine03_wall_painting"}
{"ctxid":1,"pos":[-799.933289,-779.285828,183.47464],