{"ctxid":0,"pos":[443.217072,-190.733322,166.503357],"rotationMatrix":[-0.397098303,-0.917640209,0.0157980621,0.916787267,-0.397410512,-0.0395757221,0.0425945856,-0.00123198889,0.999091685],"scale":0.780761242,"type":"vine_roof_small"}
{"ctxid":0,"pos":[448.703125,-191.213547,166.554611],"rotationMatrix":[-0.558550298,0.829470634,0,-0.829470634,-0.558550298,0,0,0,1],"scale":0.717914045,"type":"vine_roof_small"}
{"ctxid":0,"pos":[449.147949,-198.184509,163.394348],"rotationMatrix":[-0.61258769,0.790402651,0,-0.790402651,-0.61258769,0,0,0,1],"scale":0.638081849,"type":"vine_roof_small"}
{"ctxid":0,"pos":[345.999542,-198.054382,175.355591],"rotationMatrix":[-0.650198042,-0.75976491,0,0.75976491,-0.650198042,0,0,0,1],"scale":0.726805925,"type":"vine_roof_small"}
{"ctxid":0,"pos":[344.535797,-199.355133,175.354309],"rotationMatrix":[0.672215044,-0.740355849,0,0.740355849,0.672215044,0,0,0,1],"scale":0.723959863,"type":"vine_roof_small"}
{"ctxid":0,"pos":[343.298401,-196.251404,175.922409],"rotationMatrix":[0.482524782,0.875882387,0,-0.875882387,0.482524782,0,0,0,1],"scale":0.671532691,"type":"vine_roof_small"}
{"ctxid":0,"pos":[657.82489,46.6248207,137.328888],"rotationMatrix":[-0.359535933,-0.933131278,0,0.933131278,-0.359535933,0,0,0,1],"scale":0.733796537,"type":"vine_roof_small"}
{"ctxid":0,"pos":[658.103577,45.6039314,135.9021],"rotationMatrix":[0.197617024,-0.980278969,0,0.980278969,0.197617024,0,0,0,1],"scale":0.686988652,"type":"vine_roof_small"}
{"ctxid":0,"pos":[658.762939,38.1358948,139.335571],"rotationMatrix":[0.0309762824,0.999520123,0,-0.999520123,0.0309762824,0,0,0,1],"scale":0.90818435,"type":"vine_roof_small"}
{"ctxid":0,"pos":[646.594299,37.0008202,142.300522],"rotationMatrix":[-0.892089188,-0.451859236,0,0.451859236,-0.892089188,0,0,0,1],"scale":0.704509854,"type":"vine_roof_small"}
{"ctxid":0,"pos":[634.078979,39.8520622,139.272751],"rotationMatrix":[-0.997598827,-0.0692570359,0,0.0692570359,-0.997598827,0,0,0,1],"scale":0.670931935,"type":"vine_roof_small"}
{"ctxid":0,"pos":[629.793152,44.8805695,143.286667],"rotationMatrix":[-0.911652565,0.41096279,0,-0.41096279,-0.911652565,0,0,0,1],"scale":0.693983138,"type":"vine_roof_small"}
{"ctxid":0,"pos":[652.006348,49.2512512,139.616608],"rotationMatrix":[-0.037291646,0.999304295,0,-0.999304295,-0.037291646,0,0,0,1],"scale":0.748596609,"type":"vine_roof_small"}
{"ctxid":0,"pos":[651.789307,47.9273949,139.472076],"rotationMatrix":[-0.293772548,0.955875337,0,-0.955875337,-0.293772548,0,0,0,1],"scale":0.975911498,"type":"vine_roof_small"}
{"ctxid":0,"pos":[641.944885,53.3005409,136.997757],"rotationMatrix":[0.998973787,0.0452914871,0,-0.0452914871,0.998973787,0,0,0,1],"scale":0.786403835,"type":"vine_roof_small"}
{"ctxid":0,"pos":[635.44458,52.6898994,136.52002],"rotationMatrix":[-0.991102993,-0.133097216,0,0.133097216,-0.991102993,0,0,0,1],"scale":0.704420865,"type":"vine_roof_small"}
{"ctxid":0,"pos":[644.67218,50.7745132,139.649872],"rotationMatrix":[0.225888371,-0.974153221,0,0.974153221,0.225888371,0,0,0,1],"scale":0.79589051,"type":"vine_roof_small"}
{"ctxid":0,"pos":[628.07196,40.6204529,143.273834],"rotationMatrix":[-0.261723578,0.965142787,0,-0.965142787,-0.261723578,0,0,0,1],"scale":1.09587371,"type":"vine_roof_small"}
{"ctxid":0,"pos":[634.761047,36.8091011,143.287109],"rotationMatrix":[-0.236862436,0.971543133,0,-0.971543133,-0.236862436,0,0,0,1],"scale":0.882007301,"type":"vine_roof_small"}
{"ctxid":0,"pos":[609.766174,1.64947557,135.7379],"rotationMatrix":[0.0682267547,-0.997669816,0,0.997669816,0.0682267547,0,0,0,1],"scale":0.860293746,"type":"vine_roof_small"}
{"ctxid":0,"pos":[611.225037,3.21411157,139.575958],"rotationMatrix":[0.790175676,0.612879932,0,-0.612879932,0.790175676,0,0,0,1],"scale":0.919311404,"type":"vine_roof_small"}
{"ctxid":0,"pos":[629.002258,-11.0821114,142.912292],"rotationMatrix":[-0.998030663,0.0627266169,0,-0.0627266169,-0.998030663,0,0,0,1],"scale":0.826848388,"type":"vine_roof_small"}
{"ctxid":0,"pos":[622.627136,-14.7026634,138.85553],"rotationMatrix":[0.728310823,-0.685246944,0,0.685246944,0.728310823,0,0,0,1],"scale":0.661392093,"type":"vine_roof_small"}
{"ctxid":0,"pos":[-838.464417,776.240967,194.36792],"rotationMatrix":[0.969237328,-0.246128038,0,0.246128038,0.969237328,0,0,0,1],"scale":0.629087746,"type":"vine_roof_small"}
{"ctxid":0,"pos":[-840.552002,774.508118,195.99855],"rotationMatrix":[-0.865345895,0.501175165,0,-0.501175165,-0.865345895,0,0,0,1],"scale":0.755223274,"type":"vine_roof_small"}
{"ctxid":0,"pos":[-842.894653,774.473694,194.586182],"rotationMatrix":[0.815742731,0.578415036,0,-0.578415036,0.815742731,0,0,0,1],"scale":0.696314156,"type":"vine_roof_small"}
{"ctxid":0,"pos":[-839.503174,771.752869,200.359039],"rotationMatrix":[-0.688626587,0.725116014,0,-0.725116014,-0.688626587,0,0,0,1],"scale":0.643401146,"type":"vine_roof_small"}
{"ctxid":0,"pos":[-837.422485,770.750793,199.913055],"rotationMatrix":[-0.523071349,-0.852288842,0,0.852288842,-0.523071349,0,0,0,1],"scale":0.787946224,"type":"vine_roof_small"}
{"ctxid":0,"pos":[-837.753418,772.973633,199.513596],"rotationMatrix":[-0.684327126,-0.72917521,0,0.72917521,-0.684327126,0,0,0,1],"scale":0.705427885,"type":"vine_roof_small"}
{"ctxid":0,"pos":[-837.957703,768.965942,199.570648],"rotationMatrix":[0.792082369,0.610414326,0,-0.610414326,0.792082369,0,0,0,1],"scale":0.77118814,"type":"vine_roof_small"}
{"ctxid":0,"pos":[-836.223511,775.413208,194.013794],"rotationMatrix":[-0.945646286,-0.32519725,0,0.32519725,-0.945646286,0,0,0,1],"scale":0.689968348,"type":"vine_roof_small"}
{"ctxid":0,"pos":[-670.062012,318.857727,133.905243],"rotationMatrix":[-0.524225891,-0.851579189,0,0.851579189,-0.524225891,0,0,0,1],"scale":0.677538335,"type":"vine_roof_small"}
{"ctxid":0,"pos":[-670.985413,321.089081,134.252792],"rotationMatrix":[0.390474588,-0.920613647,0,0.920613647,0.390474588,0,0,0,1],"scale":0.682124972,"type":"vine_roof_small"}
{"ctxid":0,"pos":[-672.808655,327.343475,134.95726],"rotationMatrix":[-0.736970484,-0.675924838,0,0.675924838,-0.736970484,0,0,0,1],"scale":0.611621857,"type":"vine_roof_small"}
{"ctxid":0,"pos":[-634.503967,321.033936,139.476624],"rotationMatrix":[-0.241572976,0.969539702,-0.0404380783,-0.955722034,-0.244933009,-0.163104594,-0.168040991,-0.000754103065,0.985779703],"scale":0.709379673,"type":"vine_roof_small"}
{"ctxid":0,"pos":[-636.630493,334.530334,138.86084],"rotationMatrix":[-0.906181455,-0.422888696,0.000292019162,0.422888815,-0.906181216,0.000625749293,0,0.000690534071,0.999999762],"scale":0.759277582,"type":"vine_roof_small"}
{"ctxid":0,"pos":[-640.764648,327.964844,137.818268],"rotationMatrix":[0.97008568,0.118669719,0.211781129,-0.115794107,0.992933571,-0.0259746462,-0.213367,0.000674627721,0.976971865],"scale":0.774990082,"type":"vine_roof_small"}
{"ctxid":0,"pos":[-640.641479,350.182709,138.36026],"rotationMatrix":[-0.965094268,0.261902779,0,-0.261902779,-0.965094268,0,0,0,1],"scale":0.716959059,"type":"vine_roof_small"}
{"ctxid":0,"pos":[-722.74762,421.283722,137.330154],"rotationMatrix":[-0.977502823,-0.210922047,0,0.210922047,-0.977502823,0,0,0,1],"scale":0.768329978,"type":"vine_roof_small"}
{"ctxid":0,"pos":[-720.579468,421.841034,137.463425],"rotationMatrix":[-0.520725667,0.853724003,0,-0.853724003,-0.520725667,0,0,0,1],"scale":0.641639292,"type":"vine_roof_small"}
{"ctxid":0,"pos":[-721.097595,424.82486,137.947678],"rotationMatrix":[0.54130733,0.840824902,0,-0.840824902,0.54130733,0,0,0,1],"scale":0.736346364,"type":"vine_roof_small"}
{"ctxid":0,"pos":[-719.477539,423.546906,137.735764],"rotationMatrix":[-0.267083704,0.963673234,0,-0.963673234,-0.267083704,0,0,0,1],"scale":0.649886549,"type":"vine_roof_small"}
{"ctxid":0,"pos":[-710.038635,429.431915,137.286285],"rotationMatrix":[0.804790914,-0.593558371,0,0.593558371,0.804790914,0,0,0,1],"scale":0.691816211,"type":"vine_roof_small"}
{"ctxid":0,"pos":[-706.667908,432.550873,136.763138],"rotationMatrix":[-0.613461614,-0.789724529,0,0.789724529,-0.613461614,0,0,0,1],"scale":0.648261786,