{"ctxid":0,"pos":[25.8657131,510.611603,156.854584],"rotationMatrix":[-0.92861861,-0.371035635,0,0.371035635,-0.92861861,0,0,0,1],"scale":1.10415184,"type":"vine_wall_wide_b"}
{"ctxid":0,"pos":[16.4526005,519.94397,158.953094],"rotationMatrix":[0.857115924,0.515123606,0,-0.515123606,0.857115924,0,0,0,1],"scale":0.851673484,"type":"vine_wall_wide_b"}
{"ctxid":0,"pos":[6.89788437,516.699158,157.43631],"rotationMatrix":[0.264893144,0.964277744,0,-0.964277744,0.264893144,0,0,0,1],"scale":1.13795996,"type":"vine_wall_wide_b"}
{"ctxid":0,"pos":[436.873383,-184.327103,160.367722],"rotationMatrix":[0.35909918,-0.933299422,0,0.933299422,0.35909918,0,0,0,1],"scale":0.829779267,"type":"vine_wall_wide_b"}
{"ctxid":0,"pos":[809.628174,901.019836,149.455673],"rotationMatrix":[0.902166605,0.431387186,0,-0.431387186,0.902166605,0,0,0,1],"scale":1.03092158,"type":"vine_wall_wide_b"}
{"ctxid":0,"pos":[810.133972,901.188477,151.650955],"rotationMatrix":[0.978710532,0.205245987,0,-0.205245987,0.978710532,0,0,0,1],"scale":0.921387374,"type":"vine_wall_wide_b"}
{"ctxid":0,"pos":[626.974182,52.0880318,132.318466],"rotationMatrix":[-0.99413687,-0.108125217,0,0.108125217,-0.99413687,0,0,0,1],"scale":1.25019157,"type":"vine_wall_wide_b"}
{"ctxid":0,"pos":[608.579712,42.0461044,132.397461],"rotationMatrix":[-0.537607491,-0.84319526,0,0.84319526,-0.537607491,0,0,0,1],"scale":0.986801028,"type":"vine_wall_wide_b"}
{"ctxid":0,"pos":[608.518616,41.977932,137.752701],"rotationMatrix":[-0.633385897,-0.773836017,0,0.773836017,-0.633385897,0,0,0,1],"scale":1.02723885,"type":"vine_wall_wide_b"}
{"ctxid":0,"pos":[626.051575,-10.069005,131.98558],"rotationMatrix":[-0.99840045,-0.0565338433,0,0.0565338433,-0.99840045,0,0,0,1],"scale":0.999624372,"type":"vine_wall_wide_b"}
{"ctxid":0,"pos":[626.073059,-10.1439409,138.003265],"rotationMatrix":[-0.981979549,0.188985258,0,-0.188985258,-0.981979549,0,0,0,1],"scale":0.82717222,"type":"vine_wall_wide_b"}
{"ctxid":0,"pos":[-835.260071,777.098145,184.025528],"rotationMatrix":[-0.982540905,-0.186046392,0,0.186046392,-0.982540905,0,0,0,1],"scale":1.18204629,"type":"vine_wall_wide_b"}
{"ctxid":0,"pos":[-861.363037,799.686523,189.037399],"rotationMatrix":[0.822784305,0.568353653,0,-0.568353653,0.822784305,0,0,0,1],"scale":0.979362011,"type":"vine_wall_wide_b"}
{"ctxid":0,"pos":[-699.018127,397.908264,127.660477],"rotationMatrix":[0.976425171,0.215856045,0,-0.215856045,0.976425171,0,0,0,1],"scale":1.08195007,"type":"vine_wall_wide_b"}
