{"ctxid":0,"pos":[784.128174,942.564819,148.791458],"rotationMatrix":[0.768305063,-0.640083849,0,0.640083849,0.768305063,0,0,0,1],"scale":0.820175767,"type":"vine_bush_small"}
{"ctxid":0,"pos":[766.980042,936.62738,152.626114],"rotationMatrix":[-0.313615054,-0.949550211,0,0.949550211,-0.313615054,0,0,0,1],"scale":0.883231819,"type":"vine_bush_small"}
{"ctxid":0,"pos":[765.691711,935.033691,151.952179],"rotationMatrix":[-0.687050462,-0.726609707,0,0.726609707,-0.687050462,0,0,0,1],"scale":0.753915012,"type":"vine_bush_small"}
{"ctxid":0,"pos":[778.449524,901.107971,156.434601],"rotationMatrix":[-0.844815433,0.535057843,0,-0.535057843,-0.844815433,0,0,0,1],"scale":0.668918133,"type":"vine_bush_small"}
{"ctxid":0,"pos":[241.140427,687.056091,142.182922],"rotationMatrix":[0.766489387,-0.642256975,0,0.642256975,0.766489387,0,0,0,1],"scale":0.69444567,"type":"vine_bush_small"}
{"ctxid":0,"pos":[252.578217,667.883057,142.013275],"rotationMatrix":[0.456973165,-0.889480472,0,0.889480472,0.456973165,0,0,0,1],"scale":0.645896673,"type":"vine_bush_small"}
{"ctxid":0,"pos":[42.876709,527.002136,157.998657],"rotationMatrix":[-0.980053008,-0.198736355,0,0.198736355,-0.980053008,0,0,0,1],"scale":0.991639614,"type":"vine_bush_small"}
{"ctxid":0,"pos":[35.3309555,551.158264,157.998657],"rotationMatrix":[0.110940985,0.993826985,0,-0.993826985,0.110940985,0,0,0,1],"scale":0.855402172,"type":"vine_bush_small"}
{"ctxid":0,"pos":[37.0751152,553.241272,157.998657],"rotationMatrix":[-0.999085367,-0.0427603573,0,0.0427603573,-0.999085367,0,0,0,1],"scale":0.775437593,"type":"vine_bush_small"}
{"ctxid":0,"pos":[35.9228935,555.808289,157.998657],"rotationMatrix":[-0.514927089,-0.857234001,0,0.857234001,-0.514927089,0,0,0,1],"scale":0.963817537,"type":"vine_bush_small"}
{"ctxid":0,"pos":[32.1143341,553.362671,157.998657],"rotationMatrix":[-0.53328532,0.845935464,0,-0.845935464,-0.53328532,0,0,0,1],"scale":0.656600118,"type":"vine_bush_small"}
{"ctxid":0,"pos":[8.90340996,559.983643,158.000732],"rotationMatrix":[0.362777323,-0.931875885,0,0.931875885,0.362777323,0,0,0,1],"scale":0.850721776,"type":"vine_bush_small"}
{"ctxid":0,"pos":[14.1394987,562.92865,157.930923],"rotationMatrix":[0.998614848,-0.0526152216,0,0.0526152216,0.998614848,0,0,0,1],"scale":0.638231337,"type":"vine_bush_small"}
{"ctxid":0,"pos":[46.3433075,530.994934,157.998657],"rotationMatrix":[-0.78312856,-0.621859789,0,0.621859789,-0.78312856,0,0,0,1],"scale":0.649357796,"type":"vine_bush_small"}
{"ctxid":0,"pos":[450.518738,-189.945938,160.367706],"rotationMatrix":[0.993606567,0.112898238,0,-0.112898238,0.993606567,0,0,0,1],"scale":0.753106713,"type":"vine_bush_small"}
{"ctxid":0,"pos":[935.062927,-556.571411,134.734909],"rotationMatrix":[0.27268973,-0.962102056,0,0.962102056,0.27268973,0,0,0,1],"scale":0.683334768,"type":"vine_bush_small"}
{"ctxid":0,"pos":[934.398376,-556.7323,134.508606],"rotationMatrix":[0.943670869,0.269966424,0.19132024,-0.264583498,0.962869763,-0.0536417738,-0.19869794,0,0.980060756],"scale":0.738298774,"type":"vine_bush_small"}
{"ctxid":0,"pos":[658.7099,37.1661949,132.445816],"rotationMatrix":[0.999975443,-0.00699646911,0,0.00699646911,0.999975443,0,0,0,1],"scale":0.819167852,"type":"vine_bush_small"}
{"ctxid":0,"pos":[631.736938,47.6213455,140.482666],"rotationMatrix":[-0.999738216,0.0228810292,0,-0.0228810292,-0.999738216,0,0,0,1],"scale":1.07578456,"type":"vine_bush_small"}
{"ctxid":0,"pos":[635.689697,47.3761978,140.341309],"rotationMatrix":[-0.325980783,-0.945376396,0,0.945376396,-0.325980783,0,0,0,1],"scale":1.10415208,"type":"vine_bush_small"}
{"ctxid":0,"pos":[634.160706,39.6737099,143.135071],"rotationMatrix":[0.215536028,-0.976495862,0,0.976495862,0.215536028,0,0,0,1],"scale":0.881040096,"type":"vine_bush_small"}
{"ctxid":0,"pos":[630.423096,44.7487335,143.237335],"rotationMatrix":[-0.518220663,0.855246902,0,-0.855246902,-0.518220663,0,0,0,1],"scale":0.766141653,"type":"vine_bush_small"}
{"ctxid":0,"pos":[653.875061,44.9789848,139.649887],"rotationMatrix":[-0.997957289,-0.0638840273,0,0.0638840273,-0.997957289,0,0,0,1],"scale":0.853797495,"type":"vine_bush_small"}
{"ctxid":0,"pos":[643.405579,53.1734734,139.649872],"rotationMatrix":[0.815485299,-0.57877779,0,0.57877779,0.815485299,0,0,0,1],"scale":0.794610441,"type":"vine_bush_small"}
{"ctxid":0,"pos":[607.879761,-12.1348305,136.050812],"rotationMatrix":[0.374575526,-0.927196383,0,0.927196383,0.374575526,0,0,0,1],"scale":0.844596803,"type":"vine_bush_small"}
{"ctxid":0,"pos":[-836.048828,779.689209,185.910034],"rotationMatrix":[-0.245551616,-0.969383478,0,0.969383478,-0.245551616,0,0,0,1],"scale":0.72021544,"type":"vine_bush_small"}
{"ctxid":0,"pos":[-849.435974,776.085083,191.64415],"rotationMatrix":[0.902176559,0.431367099,0,-0.431367099,0.902176559,0,0,0,1],"scale":0.707304478,"type":"vine_bush_small"}
{"ctxid":0,"pos":[-834.378479,771.059937,191.644165],"rotationMatrix":[-0.823844671,-0.566815555,0,0.566815555,-0.823844671,0,0,0,1],"scale":0.759820819,"type":"vine_bush_small"}
{"ctxid":0,"pos":[-834.360107,770.397156,191.603134],"rotationMatrix":[-0.459208518,0.888328433,0,-0.888328433,-0.459208518,0,0,0,1],"scale":0.981547832,"type":"vine_bush_small"}
{"ctxid":0,"pos":[-839.497375,793.275757,186.783234],"rotationMatrix":[0.217526406,0.97605443,0,-0.97605443,0.217526406,0,0,0,1],"scale":0.924476981,"type":"vine_bush_small"}
{"ctxid":0,"pos":[-839.360413,792.663757,186.783234],"rotationMatrix":[0.0211489238,-0.999776304,0,0.999776304,0.0211489238,0,0,0,1],"scale":0.751303673,"type":"vine_bush_small"}
{"ctxid":0,"pos":[-836.417297,775.197754,194.049377],"rotationMatrix":[0.920325994,-0.212407321,-0.328455776,0.200048849,0.977181196,-0.071395576,0.336125761,0,0.941817105],"scale":0.755281329,"type":"vine_bush_small"}
{"ctxid":0,"pos":[-838.370117,775.91394,194.391846],"rotationMatrix":[-0.999679148,0.0253276844,0,-0.0253276844,-0.999679148,0,0,0,1],"scale":0.850651741,"type":"vine_bush_small"}
{"ctxid":0,"pos":[-842.353699,774.342163,194.571243],"rotationMatrix":[-0.925758302,-0.377267987,0.0253054798,0.370782226,-0.918884993,-0.134799197,0.074108243,-0.115408666,0.990549684],"scale":0.998046219,"type":"vine_bush_small"}
{"ctxid":0,"pos":[-651.357178,373.650299,129.86145],"rotationMatrix":[-0.859427214,0.511257768,0,-0.511257768,-0.859427214,0,0,0,1],"scale":0.730727375,"type":"vine_bush_small"}
{"ctxid":0,"pos":[-649.908264,374.19873,129.86145],"rotationMatrix":[-0.304931998,0.952374041,0,-0.952374041,-0.304931998,0,0,0,1],"scale":0.921849966,"type":"vine_bush_small"}
{"ctxid":0,"pos":[-652.257568,369.388916,133.171539],"rotationMatrix":[-0.948215485,-0.301184893,0.100867599,0.317626536,-0.899132013,0.301121682,3.7252903e-09,0.317566603,0.948235989],"scale":0.670639396,"type":"vine_bush_small"}
{"ctxid":0,"pos":[-701.549927,399.186646,134.891068],"rotationMatrix":[0.743579984,-0.640867472,-0.190729201,0.668646574,0.7130059,0.211031765,0.000747635961,-0.284449428,0.958690763],"scale":0.70492661,"type":"vine_bush_small"}
{"ctxid":0,"pos":[-698.964661,398.591644,134.712524],"rotationMatrix":[-0.0550972223,-0.957246363,-0.283977926,0.998480618,-0.0526089668,-0.0163880885,0.000747635961,-0.284449399,0.958690763],"scale":0.797055721,"type":"vine_bush_small"}
{"ctxid":0,"pos":[-701.355774,458.88324,136.91095],"rotationMatrix":[0.240201056,0.958495557,-0.153589115,-0.970603049,0.234658003,-0.0535276122,-0.0152650774,0.16193147,0.986683905],"scale":0.933286726,"type":"vine_bush_small"}
{"ctxid":0,"pos":[-718.185364,459.206421,136.553711],"rotationMatrix":[-0.809705734,-0.586836219,0,0.586836219,-0.809705734,0,0,0,1],"scale":0.776057124,"type":"vine_bush_small"}
{"ctxid":0,"pos":[-737.080933,451.316833,138.041641],"rotationMatrix":[-0.969879687,0.243584514,0,-0.243584514,-0.969879687,0,0,0,1],"scale":0.660022497,"type":"vine_bush_small"}
{"ctxid":0,"pos":[-723.596802,425.146759,137.997772],"rotationMatrix":[0.862507701,-0.500641644,-0.0737452209,0.506042063,0.853690565,0.123019516,0.00136689097,-0.143423468,0.989660442],