{"ctxid":0,"pos":[447.519684,-195.712814,164.438522],"rotationMatrix":[0.650085628,-0.759860992,0,0.759860992,0.650085628,0,0,0,1],"scale":0.737568498,"type":"vine_roof_wide"}
{"ctxid":0,"pos":[447.532532,-190.093063,166.400589],"rotationMatrix":[0.676065683,-0.736841381,0,0.736841381,0.676065683,0,0,0,1],"scale":0.850543141,"type":"vine_roof_wide"}
{"ctxid":0,"pos":[450.540741,-191.047211,166.426361],"rotationMatrix":[-0.826269627,-0.563274741,0,0.563274741,-0.826269627,0,0,0,1],"scale":0.860924661,"type":"vine_roof_wide"}
{"ctxid":0,"pos":[451.072296,-183.760773,166.402161],"rotationMatrix":[-0.634550035,0.772881746,0,-0.772881746,-0.634550035,0,0,0,1],"scale":0.960611522,"type":"vine_roof_wide"}
{"ctxid":0,"pos":[452.392273,-196.347916,164.431625],"rotationMatrix":[0.755911112,0.65467453,0,-0.65467453,0.755911112,0,0,0,1],"scale":0.767273724,"type":"vine_roof_wide"}
{"ctxid":0,"pos":[329.592682,-201.133347,162.227417],"rotationMatrix":[-0.642945588,0.765911877,0,-0.765911877,-0.642945588,0,0,0,1],"scale":0.770227432,"type":"vine_roof_wide"}
{"ctxid":0,"pos":[811.719666,901.564941,157.392197],"rotationMatrix":[0.970974684,0.239182353,0,-0.239182353,0.970974684,0,0,0,1],"scale":1.0508194,"type":"vine_roof_wide"}
{"ctxid":0,"pos":[752.265076,790.844482,140.775696],"rotationMatrix":[0.799194038,0.564692974,0.205937833,-0.597020209,0.785479605,0.163059846,-0.0696812347,-0.25326556,0.964883924],"scale":1.14252317,"type":"vine_roof_wide"}
{"ctxid":0,"pos":[658.916016,36.2627602,139.433182],"rotationMatrix":[0.0938561484,-0.995585799,0,0.995585799,0.0938561484,0,0,0,1],"scale":0.927334011,"type":"vine_roof_wide"}
{"ctxid":0,"pos":[655.316101,44.8111458,139.279236],"rotationMatrix":[0.966503739,-0.256652534,0,0.256652534,0.966503739,0,0,0,1],"scale":0.973970771,"type":"vine_roof_wide"}
{"ctxid":0,"pos":[636.185974,52.6942482,136.974426],"rotationMatrix":[-0.994471848,-0.105003424,0,0.105003424,-0.994471848,0,0,0,1],"scale":0.763287723,"type":"vine_roof_wide"}
{"ctxid":0,"pos":[635.352417,52.6283684,139.619217],"rotationMatrix":[0.996324003,0.0856641978,0,-0.0856641978,0.996324003,0,0,0,1],"scale":0.814639926,"type":"vine_roof_wide"}
{"ctxid":0,"pos":[-850.19812,776.320923,192.750488],"rotationMatrix":[0.999464333,0.032725811,0,-0.032725811,0.999464333,0,0,0,1],"scale":0.768591642,"type":"vine_roof_wide"}
{"ctxid":0,"pos":[-837.403015,780.420837,191.463074],"rotationMatrix":[0.999604046,0.0281381011,0,-0.0281381011,0.999604046,0,0,0,1],"scale":0.85159719,"type":"vine_roof_wide"}
{"ctxid":0,"pos":[-835.90741,778.696228,191.48497],"rotationMatrix":[0.0374466628,-0.999298632,0,0.999298632,0.0374466628,0,0,0,1],"scale":0.914685726,"type":"vine_roof_wide"}
{"ctxid":0,"pos":[634.452271,-12.2828379,143.114319],"rotationMatrix":[-0.968816578,0.247778833,0,-0.247778833,-0.968816578,0,0,0,1],"scale":0.902585387,"type":"vine_roof_wide"}
{"ctxid":0,"pos":[-703.790649,435.747955,135.991058],"rotationMatrix":[0.996165395,-0.0874896348,0,0.0874896348,0.996165395,0,0,0,1],"scale":0.839771748,"type":"vine_roof_wide"}
