{"ctxid":0,"pos":[432.272186,-178.21991,166.524826],"rotationMatrix":[-0.646942437,0.76253885,0,-0.76253885,-0.646942437,0,0,0,1],"scale":0.612071037,"type":"vine_roof_end"}
{"ctxid":0,"pos":[437.122162,-183.903107,166.725891],"rotationMatrix":[-0.606221616,0.795295715,0,-0.795295715,-0.606221616,0,0,0,1],"scale":0.723945975,"type":"vine_roof_end"}
{"ctxid":0,"pos":[339.735901,-199.667313,174.092728],"rotationMatrix":[0.582519889,-0.812816381,0,0.812816381,0.582519889,0,0,0,1],"scale":0.733430862,"type":"vine_roof_end"}
{"ctxid":0,"pos":[658.228821,44.3316727,136.050812],"rotationMatrix":[-0.0332797766,0.999446094,0,-0.999446094,-0.0332797766,0,0,0,1],"scale":0.778814197,"type":"vine_roof_end"}
{"ctxid":0,"pos":[657.919617,47.6208763,135.812134],"rotationMatrix":[0.106627256,-0.994299054,0,0.994299054,0.106627256,0,0,0,1],"scale":0.617055893,"type":"vine_roof_end"}
{"ctxid":0,"pos":[628.420593,44.7998085,143.247681],"rotationMatrix":[0.999923468,-0.0123661086,0,0.0123661086,0.999923468,0,0,0,1],"scale":0.793430924,"type":"vine_roof_end"}
{"ctxid":0,"pos":[643.201355,53.3218956,137.051071],"rotationMatrix":[-0.996793985,-0.080010511,0,0.080010511,-0.996793985,0,0,0,1],"scale":0.610173166,"type":"vine_roof_end"}
{"ctxid":0,"pos":[609.52179,-5.61968517,136.016022],"rotationMatrix":[0.0674503222,0.997722626,0,-0.997722626,0.0674503222,0,0,0,1],"scale":0.672272325,"type":"vine_roof_end"}
{"ctxid":0,"pos":[-857.33606,796.554382,189.831085],"rotationMatrix":[0.0830471367,-0.996545553,0,0.996545553,0.0830471367,0,0,0,1],"scale":0.677801371,"type":"vine_roof_end"}
{"ctxid":0,"pos":[-2.59710002,636.25592,159.135498],"rotationMatrix":[0.995895207,-0.0905104131,0,0.0905104131,0.995895207,0,0,0,1],"scale":0.60499227,"type":"vine_roof_end"}
