{"ctxid":0,"pos":[445.234314,-193.362961,163.316605],"rotationMatrix":[-0.783842504,0.620959699,0,-0.620959699,-0.783842504,0,0,0,1],"scale":0.838671982,"type":"vine_side_4m"}
{"ctxid":0,"pos":[442.559662,-190.242233,166.50528],"rotationMatrix":[-0.804204941,0.594352007,0,-0.594352007,-0.804204941,0,0,0,1],"scale":0.757902503,"type":"vine_side_4m"}
{"ctxid":0,"pos":[658.037659,45.2857323,137.116043],"rotationMatrix":[0.159383938,-0.987216711,0,0.987216711,0.159383938,0,0,0,1],"scale":0.724845052,"type":"vine_side_4m"}
{"ctxid":0,"pos":[651.93219,47.6268921,139.478348],"rotationMatrix":[0.0165218301,0.999863446,0,-0.999863446,0.0165218301,0,0,0,1],"scale":0.994049191,"type":"vine_side_4m"}
{"ctxid":0,"pos":[652.768372,46.5655136,139.532761],"rotationMatrix":[0.632054925,-0.774923563,0,0.774923563,0.632054925,0,0,0,1],"scale":0.95427835,"type":"vine_side_4m"}
{"ctxid":0,"pos":[638.063293,52.9097595,139.637604],"rotationMatrix":[-0.997561395,-0.0697949678,0,0.0697949678,-0.997561395,0,0,0,1],"scale":0.75491339,"type":"vine_side_4m"}
{"ctxid":0,"pos":[609.606079,-3.30093956,135.76503],"rotationMatrix":[0.00126003474,0.999999166,0,-0.999999166,0.00126003474,0,0,0,1],"scale":0.930375099,"type":"vine_side_4m"}
{"ctxid":0,"pos":[616.048523,11.1479616,145.893646],"rotationMatrix":[-0.202164322,-0.97935164,0,0.97935164,-0.202164322,0,0,0,1],"scale":0.930091739,"type":"vine_side_4m"}
{"ctxid":0,"pos":[627.681519,-10.6356182,142.942566],"rotationMatrix":[-0.966946244,0.254979759,0,-0.254979759,-0.966946244,0,0,0,1],"scale":0.744300187,"type":"vine_side_4m"}
{"ctxid":0,"pos":[629.217163,-13.8346519,147.118271],"rotationMatrix":[-0.999670148,0.025680773,0,-0.025680773,-0.999670148,0,0,0,1],"scale":0.903182626,"type":"vine_side_4m"}
{"ctxid":0,"pos":[-852.938171,768.250061,192.597794],"rotationMatrix":[-0.0707746744,0.997492313,0,-0.997492313,-0.0707746744,0,0,0,1],"scale":0.959462285,"type":"vine_side_4m"}
{"ctxid":0,"pos":[-858.447815,799.653809,190.906845],"rotationMatrix":[-0.00295287371,0.999995708,0,-0.999995708,-0.00295287371,0,0,0,1],"scale":0.7892223,"type":"vine_side_4m"}
{"ctxid":0,"pos":[-858.512024,802.661072,190.945023],"rotationMatrix":[-0.0335191302,0.999438107,0,-0.999438107,-0.0335191302,0,0,0,1],"scale":0.720915139,"type":"vine_side_4m"}
{"ctxid":0,"pos":[-639.341003,348.718384,138.575195],"rotationMatrix":[0.848455369,-0.510458827,0.139840096,0.503824711,0.859901786,0.0820338279,-0.16212365,0.000852867961,0.986770093],"scale":0.821441412,"type":"vine_side_4m"}
{"ctxid":0,"pos":[-635.747498,338.862396,139.221436],"rotationMatrix":[0.777232528,0.616209149,0.12726292,-0.607971191,0.787582278,-0.100425258,-0.162112981,0.000681582838,0.986771941],"scale":0.948456883,"type":"vine_side_4m"}
{"ctxid":0,"pos":[-3.7040844,634.424622,159.134125],"rotationMatrix":[0.0642806888,0.997931838,0,-0.997931838,0.0642806888,0,0,0,1],"scale":0.804107845,"type":"vine_side_4m"}
