{"ctxid":0,"pos":[22.4939919,510.055634,157.992722],"rotationMatrix":[-0.0373181328,0.99930346,0,-0.99930346,-0.0373181328,0,0,0,1],"scale":1.16611195,"type":"vine_wall_small"}
{"ctxid":0,"pos":[330.572205,-202.151382,160.074249],"rotationMatrix":[-0.672963023,0.739676178,0,-0.739676178,-0.672963023,0,0,0,1],"scale":1.11123466,"type":"vine_wall_small"}
{"ctxid":0,"pos":[252.316498,-762.509766,135.187225],"rotationMatrix":[-0.419104993,-0.907937884,0,0.907937884,-0.419104993,0,0,0,1],"scale":0.814544022,"type":"vine_wall_small"}
{"ctxid":0,"pos":[-36.308773,-535.197327,131.063171],"rotationMatrix":[0.318398714,-0.94795692,0,0.94795692,0.318398714,0,0,0,1],"scale":1.10391152,"type":"vine_wall_small"}
{"ctxid":0,"pos":[657.882568,43.3259888,136.050812],"rotationMatrix":[0.958412111,-0.285387874,0,0.285387874,0.958412111,0,0,0,1],"scale":1.00964332,"type":"vine_wall_small"}
{"ctxid":0,"pos":[611.360962,45.2663536,142.14212],"rotationMatrix":[-0.641777158,-0.766891122,0,0.766891122,-0.641777158,0,0,0,1],"scale":1.05601656,"type":"vine_wall_small"}
{"ctxid":0,"pos":[-836.210022,779.890076,185.910034],"rotationMatrix":[0.160500631,0.987035751,0,-0.987035751,0.160500631,0,0,0,1],"scale":1.07021606,"type":"vine_wall_small"}
{"ctxid":0,"pos":[-836.569763,780.059937,187.001282],"rotationMatrix":[-0.971154213,-0.238452122,0,0.238452122,-0.971154213,0,0,0,1],"scale":0.977185488,"type":"vine_wall_small"}
{"ctxid":0,"pos":[-835.890381,776.929443,185.98291],"rotationMatrix":[-0.830798984,0.556572616,0,-0.556572616,-0.830798984,0,0,0,1],"scale":0.912969589,"type":"vine_wall_small"}
{"ctxid":0,"pos":[-834.719055,770.50769,191.644165],"rotationMatrix":[-0.359481186,0.933152258,0,-0.933152258,-0.359481186,0,0,0,1],"scale":0.800608814,"type":"vine_wall_small"}
{"ctxid":0,"pos":[-839.546814,792.955872,186.424301],"rotationMatrix":[0.456170291,-0.889892459,0,0.889892459,0.456170291,0,0,0,1],"scale":0.933130205,"type":"vine_wall_small"}
{"ctxid":0,"pos":[-839.906616,793.242065,186.742767],"rotationMatrix":[0.973279595,-0.229623437,0,0.229623437,0.973279595,0,0,0,1],"scale":1.01492703,"type":"vine_wall_small"}
{"ctxid":0,"pos":[-860.320862,800.597839,189.831085],"rotationMatrix":[-0.937762618,-0.347276866,0,0.347276866,-0.937762618,0,0,0,1],"scale":1.01559222,"type":"vine_wall_small"}
{"ctxid":0,"pos":[-859.435791,802.753662,189.831085],"rotationMatrix":[-0.558238089,0.829680681,0,-0.829680681,-0.558238089,0,0,0,1],"scale":1.00677383,"type":"vine_wall_small"}
{"ctxid":0,"pos":[-639.61261,297.23996,129.86145],"rotationMatrix":[0.338225812,0.941065073,0,-0.941065073,0.338225812,0,0,0,1],"scale":1.06158078,"type":"vine_wall_small"}
{"ctxid":0,"pos":[-640.195618,297.208527,129.86145],"rotationMatrix":[-0.412040144,0.911165595,0,-0.911165595,-0.412040144,0,0,0,1],"scale":0.852846205,"type":"vine_wall_small"}
{"ctxid":0,"pos":[-636.97522,297.02066,129.86145],"rotationMatrix":[-0.999481082,-0.0322106518,0,0.0322106518,-0.999481082,0,0,0,1],"scale":0.990073979,"type":"vine_wall_small"}
{"ctxid":0,"pos":[-635.120361,297.0625,129.86145],"rotationMatrix":[0.558974802,0.829184771,0,-0.829184771,0.558974802,0,0,0,1],"scale":1.02546811,"type":"vine_wall_small"}
{"ctxid":0,"pos":[-641.201782,297.207184,129.86145],"rotationMatrix":[0.832748592,0.553651452,0,-0.553651452,0.832748592,0,0,0,1],"scale":1.19276512,"type":"vine_wall_small"}
{"ctxid":0,"pos":[125.41539,556.657593,163.977509],"rotationMatrix":[-0.991138101,0.132834852,0,-0.132834852,-0.991138101,0,0,0,1],"scale":0.77351141,"type":"vine_wall_small"}
