{"ctxid":0,"pos":[782.342346,897.375916,149.243286],"rotationMatrix":[0.943921506,0.328694731,0.0311727859,-0.0307085197,-0.00660476414,0.999506533,0.328738511,-0.944413066,0.00385935791],"scale":0.892959237,"type":"vine05_wall_painting"}
{"ctxid":0,"pos":[780.647827,896.950562,151.978973],"rotationMatrix":[0.943921506,0.328694731,0.0311727859,-0.0307085197,-0.00660476414,0.999506533,0.328738511,-0.944413066,0.00385935791],"scale":0.955814362,"type":"vine05_wall_painting"}
{"ctxid":0,"pos":[779.612854,896.581116,149.715485],"rotationMatrix":[0.943921506,0.328694731,0.0311727859,-0.0307085495,-0.00660470221,0.999506533,0.32873854,-0.944413066,0.00385942403],"scale":1.02466369,"type":"vine05_wall_painting"}
{"ctxid":0,"pos":[781.193665,897.139099,151.595825],"rotationMatrix":[0.943921506,0.328694731,0.0311727859,-0.0307085197,-0.00660476414,0.999506533,0.328738511,-0.944413066,0.00385935791],"scale":1.03318095,"type":"vine05_wall_painting"}
{"ctxid":0,"pos":[779.223083,896.448608,150.478012],"rotationMatrix":[0.943921506,0.328694731,0.0311727859,-0.0307085197,-0.00660476414,0.999506533,0.328738511,-0.944413066,0.00385935791],"scale":0.959305286,"type":"vine05_wall_painting"}
{"ctxid":0,"pos":[779.405701,896.514099,150.950989],"rotationMatrix":[0.943921506,0.328694731,0.0311727859,-0.0307085197,-0.00660476414,0.999506533,0.328738511,-0.944413066,0.00385935791],"scale":1.17252338,"type":"vine05_wall_painting"}
{"ctxid":0,"pos":[800.665527,928.798218,152.737946],"rotationMatrix":[-0.283446491,-0.955530643,-0.0813573822,-0.0179071091,-0.0795482099,0.996670187,-0.958820879,0.283959657,0.00543687493],"scale":0.923957348,"type":"vine05_wall_painting"}
{"ctxid":0,"pos":[817.185425,938.935364,158.137848],"rotationMatrix":[0.950604022,0.296111405,0.0931125656,-0.101352558,0.0125644151,0.994771302,0.293393284,-0.955070674,0.0419554412],"scale":0.917773724,"type":"vine05_wall_painting"}
{"ctxid":0,"pos":[818.452026,939.234497,156.300491],"rotationMatrix":[0.950604022,0.296111405,0.0931125656,-0.101352558,0.0125644151,0.994771302,0.293393284,-0.955070674,0.0419554412],"scale":0.928608418,"type":"vine05_wall_painting"}
{"ctxid":0,"pos":[817.858215,939.166992,157.59523],"rotationMatrix":[0.950604022,0.296111405,0.0931125656,-0.101352558,0.0125644151,0.994771302,0.293393284,-0.955070674,0.0419554412],"scale":1.00951719,"type":"vine05_wall_painting"}
{"ctxid":0,"pos":[791.023376,904.386169,149.280731],"rotationMatrix":[0.957285762,0.289104491,-0.00475202128,0.00467105443,0.000969966874,0.999988616,0.289105892,-0.957297087,-0.00042189192],"scale":0.928002238,"type":"vine05_wall_painting"}
{"ctxid":0,"pos":[791.930298,904.474304,149.451324],"rotationMatrix":[0.955123961,0.293444425,0.0403557941,-0.0547137409,0.040882796,0.997664869,0.291109353,-0.95510155,0.0551035777],"scale":0.877369761,"type":"vine05_wall_painting"}
{"ctxid":0,"pos":[451.104004,-184.704575,160.45314],"rotationMatrix":[-0.61207521,0.790799618,0,0.0401178226,0.0310510062,0.998712361,0.789781332,0.611287057,-0.0507307053],"scale":0.967075944,"type":"vine05_wall_painting"}
{"ctxid":0,"pos":[601.336609,-704.977844,135.568497],"rotationMatrix":[0.0739187598,-0.995355129,-0.0616791993,0,-0.061848402,0.998085678,-0.997264206,-0.0737772584,-0.00457175728],"scale":1.15362465,"type":"vine05_wall_painting"}
{"ctxid":0,"pos":[658.060303,43.6546783,132.445816],"rotationMatrix":[-0.0871561095,0.99619472,1.18755665e-07,0,-1.1920929e-07,1,0.99619472,0.0871561095,1.03898179e-08],"scale":0.897369027,"type":"vine05_wall_painting"}
{"ctxid":0,"pos":[614.896484,7.92385054,139.759796],"rotationMatrix":[1,0,0,0,0.0314991027,0.999503732,0,-0.999503732,0.0314991027],"scale":0.993458748,"type":"vine05_wall_painting"}
{"ctxid":0,"pos":[70.4638748,555.044373,158.185867],"rotationMatrix":[-0.699807227,-0.714318812,-0.00422313437,0.0203420799,-0.0258378051,0.999458671,-0.714041829,0.699342966,0.0326121598],"scale":1.09794426,"type":"vine05_wall_painting"}
{"ctxid":1,"pos":[-791.421875,-783.377808,164.779694],"rotationMatrix":[0.99999994,0,0,0,0.99999994,0,0,0,0.999999881],"scale":1.07810867,"type":"vine05_wall_painting"}
{"ctxid":1,"pos":[-791.032898,-783.232666,164.795135],"rotationMatrix":[0.99999994,0,0,0,0.99999994,0,0,0,0.999999881],"scale":0.965738893,"type":"vine05_wall_painting"}
{"ctxid":1,"pos":[-792.869568,-782.499268,165.65744],"rotationMatrix":[0.99999994,0,0,0,0.99999994,0,0,0,0.999999881],"scale":0.974262893,"type":"vine05_wall_painting"}
{"ctxid":1,"pos":[-792.15863,-782.33429,164.837112],"rotationMatrix":[0.99999994,0,0,0,0.99999994,0,0,0,0.999999881],"scale":0.91876781,"type":"vine05_wall_painting"}
{"ctxid":1,"pos":[-792.656311,-781.83197,165.223633],"rotationMatrix":[0.99999994,0,0,0,0.99999994,0,0,0,0.999999881],"scale":0.995399117,"type":"vine05_wall_painting"}
{"ctxid":1,"pos":[-789.076416,-787.917175,160.443115],"rotationMatrix":[0.99999994,0,0,0,0.99999994,0,0,0,0.999999881],"scale":0.997553349,"type":"vine05_wall_painting"}
{"ctxid":1,"pos":[-789.736145,-787.677551,160.002853],"rotationMatrix":[0.99999994,0,0,0,0.99999994,0,0,0,0.999999881],"scale":0.931864977,"type":"vine05_wall_painting"}
{"ctxid":1,"pos":[-787.465454,-788.42572,160.310272],"rotationMatrix":[0.99999994,0,0,0,0.99999994,0,0,0,0.999999881],"scale":0.813071072,"type":"vine05_wall_painting"}
{"ctxid":1,"pos":[-779.957947,-795.003113,172.554276],"rotationMatrix":[0.99999994,0,0,0,0.99999994,0,0,0,0.999999881],"scale":0.815729618,"type":"vine05_wall_painting"}
{"ctxid":1,"pos":[-780.408203,-794.892761,169.065857],"rotationMatrix":[0.99999994,0,0,0,0.99999994,0,0,0,0.999999881],"scale":0.81542021,"type":"vine05_wall_painting"}
{"ctxid":1,"pos":[-786.21582,-791.614685,175.543427],"rotationMatrix":[0.99999994,0,0,0,0.99999994,0,0,0,0.999999881],"scale":0.831247568,"type":"vine05_wall_painting"}
{"ctxid":1,"pos":[-787.275208,-793.076782,178.940948],"rotationMatrix":[0.99999994,0,0,0,0.99999994,0,0,0,0.999999881],"scale":1.17740846,"type":"vine05_wall_painting"}
{"ctxid":1,"pos":[-784.491211,-797.798462,181.116455],"rotationMatrix":[0.99999994,0,0,0,0.99999994,0,0,0,0.999999881],"scale":0.885525465,"type":"vine05_wall_painting"}
{"ctxid":1,"pos":[-783.843079,-796.65271,178.562469],"rotationMatrix":[0.99999994,0,0,0,0.99999994,0,0,0,0.999999881],"scale":0.937638044,"type":"vine05_wall_painting"}
{"ctxid":1,"pos":[-781.854797,-797.255005,182.009567],"rotationMatrix":[0.99999994,0,0,0,0.99999994,0,0,0,0.999999881],"scale":1.1511761,"type":"vine05_wall_painting"}
{"ctxid":1,"pos":[-799.450684,-781.243408,183.594864],"rotationMatrix":[0.99999994,0,0,0,0.99999994,0,0,0,0.999999881],"scale":1.19862127,"type":"vine05_wall_painting"}
{"ctxid":1,"pos":[-801.288818,-777.040466,183.380264],"rotationMatrix":[0.99999994,0,0,0,0.99999994,0,0,0,0.999999881],"scale":1.11866343,"type":"vine05_wall_painting"}
{"ctxid":1,"pos":[-799.68158,-777.258057,178.75444],"rotationMatrix":[0.99999994,0,0,0,0.99999994,0,0,0,0.999999881],"scale":0.832799315,"type":"vine05_wall_painting"}
{"ctxid":1,"pos":[-807.185059,-772.798889,185.080048],"rotationMatrix":[0.99999994,0,0,0,0.99999994,0,0,0,0.999999881],"scale":0.949807882,"type":"vine05_wall_painting"}
{"ctxid":1,"pos":[-800.638855,-772.239746,164.708679],"rotationMatrix":[0.99999994,0,0,0,0.99999994,0,0,0,0.999999881],"scale":0.989153266,"type":"vine05_wall_painting"}
{"ctxid":1,"pos":[-803.563416,-771.048828,163.977798],"rotationMatrix":[0.99999994,0,0,0,0.99999994,0,0,0,0.999999881],"scale":1.12767494,"type":"vine05_wall_painting"}
{"ctxid":1,"pos":[-801.508606,-773.729187,165.360413],"rotationMatrix":[0.99999994,0,0,0,0.99999994,0,0,0,0.999999881],"scale":0.948176503,"type":"vine05_wall_painting"}
{"ctxid":1,"pos":[-801.528809,-765.130554,169.225555],"rotationMatrix":[0.99999994,0,0,0,0.99999994,0,0,0,0.999999881],"scale":1.10748005,"type":"vine05_wall_painting"}
{"ctxid":1,"pos":[-801.434326,-767.032349,169.829498],"rotationMatrix":[0.99999994,0,0,0,0.99999994,0,0,0,0.999999881],"scale":1.07847703,